Name,Type,Phone Number,Email,Physical Address,Latitude,Longitude,Region
4Cyte Pathology,Clinic,,,"182 Commercial Road, 3181",-37.846779,144.992433,Australia
Absolute Recovery,Clinic,,,,-27.485168,153.002358,Australia
Access Medical Centre,Clinic,,,,-37.87094,145.243149,Australia
Access Medical Centre,Clinic,,,"2 Magid Avenue, 3150, AU",-37.90688,145.161195,Australia
Active Physiotherapy Solutions,Clinic,,,,-24.877527,152.331124,Australia
Adamstown Clinic,Clinic,,,,-32.934542,151.725662,Australia
Adelaide Sexual Health Centre,Clinic,,,"275 North Terrace, 5000",-34.921395,138.608321,Australia
Advanced Health Care Imaging,Clinic,,,,-37.59883,144.937425,Australia
Airlie Women's Clinic,Clinic,+61 3 9525 1941,,1364 Malvern Road,-37.853267,145.04141,Australia
Alcohol and Drug Information Service,Clinic,,,,-27.466186,153.016432,Australia
Aldinga Medical Centre,Clinic,,,,-35.273666,138.458285,Australia
Ali Curung Health Centre,Clinic,,,,-21.003645,134.407494,Australia
Allora Medical Practice,Clinic,+61 7 4666 3336,,"43 Herbert Street, 4362, AU",-28.03499,151.983089,Australia
Alpurrurulam Health Centre,Clinic,,,,-20.985401,137.848818,Australia
Amanbidji Health Centre,Clinic,,,,-16.427429,129.619891,Australia
Ampilatwatja Health Centre,Clinic,,,,-21.659297,135.22454,Australia
Ashburton Medical Clinic,Clinic,,,"301A High Street, 3147",-37.863538,145.082059,Australia
Ashford Community Health Centre,Clinic,+61 2 6726 2030,,"13 Jubilee Street, 2361",-29.319912,151.091002,Australia
Audio Clinic,Clinic,,,"278 Springvale Road, 3150, AU",-37.88217,145.165609,Australia
Australian Red Cross,Clinic,,,,-23.377964,150.495206,Australia
Australian Skin Cancer Clinics,Clinic,+61 7 5526 5911,,,-28.059682,153.429399,Australia
Ave Maria Medical Centre,Clinic,+61 7 3829 3604,,"100-102 Donald Road, 4165",-27.637219,153.305442,Australia
Bairnsdale Medical Group,Clinic,,,,-37.829368,147.613605,Australia
Balmoral Bush Nursing Centre,Clinic,,,Bell Street,-37.249384,141.84119,Australia
Balmoral Medical Centre Hornsby,Clinic,,,,-33.703334,151.100572,Australia
Balwyn Central Medical,Clinic,,,"411 Whitehorse Road, 3103",-37.812988,145.083775,Australia
Bartley Medical Centre,Clinic,+61 8 8341 5666,,Bartley Terrace,-34.860073,138.489216,Australia
Barunga Health Centre,Clinic,,,,-14.524934,132.865734,Australia
Batchelor Health Centre,Clinic,+61 8 8976 0011,,"Pinaroo Crescent, AU",-13.045778,131.030347,Australia
Bathurst Medicare Urgent Care Clinic,Clinic,+61 2 5326 3700,,129 Howick Street,-33.418025,149.582569,Australia
Bell Street Family Medical Centre,Clinic,+61 3 9355 7077,,364 Bell Street,-37.73923,144.947009,Australia
Bellfield Medical Centre,Clinic,,,337 Bell Street,-37.74989,145.039727,Australia
Bentley Child Health Centre,Clinic,,,,-32.00997,115.902207,Australia
Berowra Family Medical Practice,Clinic,,,,-33.613161,151.139153,Australia
Beswick Health Centre,Clinic,,,,-14.554661,133.113263,Australia
BetteHealth Naturopathic Clinic,Clinic,,,,-31.736209,115.767889,Australia
Binnaway Community Health Centre,Clinic,,,"3 Renshaw Street, 2395",-31.551797,149.376884,Australia
Blackbutt Medical Centre,Clinic,+61 7 4163 0023,,,-26.886063,152.105884,Australia
Bli Bli Medical Clinic,Clinic,+61 7 5450 0151,,,-26.621741,153.042734,Australia
Bollon Community Clinic,Clinic,+61 7 4625 6105,,"37 Main Street, 4488",-28.031397,147.478997,Australia
Bondi Doctors,Clinic,+61 2 9365 2833,,"19 O'Brien Street, 2026",-33.888995,151.270199,Australia
Borroloola Health Centre,Clinic,,,,-16.0545,136.305245,Australia
Botany Park Medical Centre,Clinic,,,"28 Lyrebird Drive, 3201",-38.111737,145.173604,Australia
Brewarrina Aboriginal Health Service,Clinic,,,,-29.961197,146.85609,Australia
Bridgeview Medical Practice,Clinic,+61 2 9631 6400,,27-30 Portico Parade,-33.785922,150.950576,Australia
Brisbane Acupuncture Clinic,Clinic,,,,-27.482887,153.005815,Australia
Brisbane Sexual Health Clinic,Clinic,+61 7 3837 5611,,,-27.466172,153.016368,Australia
Bull Creek Medical Centre,Clinic,,,,-32.057384,115.865897,Australia
Bulla Health Centre,Clinic,,,,-15.766162,130.039763,Australia
Bundoora Osteopathic Clinic,Clinic,,,1 Oxley Avenue,-37.690905,145.063523,Australia
Bundoora Phisiotherapy Clinic,Clinic,,,145 Plenty Road,-37.691133,145.063299,Australia
Bupa,Clinic,,,,-37.818672,144.950095,Australia
Burleigh Heads Medical Centre,Clinic,+61 7 5535 1844,,,-28.090279,153.446761,Australia
Burnie GP Superclinic,Clinic,,,,-41.040589,145.876295,Australia
Byron Osteopathic Care,Clinic,,,,-28.686407,153.611404,Australia
Byron South Physiotherapy,Clinic,,,,-28.690038,153.610426,Australia
CQ Eye,Clinic,,,,-23.368183,150.520853,Australia
CSCAN Radiology,Clinic,,,,-32.9658,151.695651,Australia
Camooweal Primary Health Care Clinic,Clinic,,,,-19.917908,138.121966,Australia
Campsie Family Medical Centre,Clinic,,,,-33.912765,151.103906,Australia
Cannington Medical Centre,Clinic,+61 8 9356 7556,,"8-10 Hamilton Street, 6107",-32.012131,115.924883,Australia
Capital Radiology Frankston,Clinic,+61 3 8770 7988,,59 Beach Street,-38.142362,145.130897,Australia
Cardigan House Consulting Suites,Clinic,,,"96 Cardigan Street, 3053",-37.800463,144.966041,Australia
Carewell Medical Centre,Clinic,+61 3 9590 9955,,"11 Narelle Drive, 3195",-38.022235,145.117315,Australia
Central City Community Health Service,Clinic,,,,-37.806722,144.960682,Australia
Central Medical Bundaberg,Clinic,,,,-24.879387,152.354391,Australia
Chatswood Medical & Dental Centre,Clinic,+61 2 9413 2222,,,-33.795184,151.187373,Australia
Chest Clinic Building,Clinic,,,"275 North Terrace, 5000",-34.921406,138.608176,Australia
Child Health Clinic,Clinic,,,,-35.234449,149.103272,Australia
Chiro & SportsMed.,Clinic,,,,-33.833634,151.127356,Australia
Chiro Life,Clinic,,,,-37.789411,145.166554,Australia
Christine Avenue Medical Centre,Clinic,,,,-28.085734,153.423811,Australia
Classic Way Family Practice,Clinic,,,"6 Classic Way, 4220",-28.099564,153.424009,Australia
Clinpath Collection Centre,Clinic,+61 8 8366 2088,,Bartley Terrace,-34.86014,138.489293,Australia
Collins St Medical Center,Clinic,,,"267 Collins Street, 3000",-37.816109,144.965076,Australia
Community Health Centre,Clinic,,,,-32.403509,152.210409,Australia
Connect Health + Movement,Clinic,+61 3 9376 1600,,,-37.787421,144.929435,Australia
Cootamundra Primary Health Centre,Clinic,,,MacKay Street,-34.635242,148.013808,Australia
Corowa Mediclinic,Clinic,,,"48 Queen Street, 2646",-35.99722,146.390473,Australia
Cosmo Newberry Clinic,Clinic,,,,-27.994575,122.896012,Australia
Craigie Medical & Dental Centre,Clinic,,,,-31.784396,115.765987,Australia
Currambine Family Practice,Clinic,,,,-31.738812,115.738371,Australia
Darebin Community Health,Clinic,+61 3 9403 1200,,,-37.7699,145.001264,Australia
Daya X-Ray & Ultrasound Centre,Clinic,,,,-31.830008,115.840106,Australia
Deepdene Medical Centre,Clinic,,,77 Whitehorse Road,-37.810784,145.06522,Australia
Denture Clinic,Clinic,,,,-37.882585,144.699924,Australia
Dermatology,Clinic,,,,-27.389523,153.031118,Australia
Diamond Bridge Clinic,Clinic,+61 7 3807 0067,,,-27.717583,153.199625,Australia
Dingley Eye Centre,Clinic,,,,-37.984415,145.133356,Australia
Dorevitch Pathology,Clinic,,,"204 Canterbury Road, 3130",-37.8333,145.156935,Australia
Dorset Specialist Centre,Clinic,,,"167 Derby Street, 3044",-37.724101,144.946884,Australia
Dr Bach's Medical Clinic,Clinic,,,"76 Nicholson Road, 3011",-37.799159,144.899539,Australia
Dr Daniel Traum,Clinic,,,,-37.853047,145.041811,Australia
Dr Johannes Kern,Clinic,,,"15 Collins Street, 3000",-37.813697,144.973227,Australia
Dr Uday Dixit,Clinic,,,"400 Springvale Road, 3150",-37.890426,145.164177,Australia
Dubbo Community Health Centre,Clinic,,,,-32.255706,148.617614,Australia
Eastbound Medical Clinic,Clinic,+61 3 9579 3522,,"179 East Boundary Road, 3165",-37.920022,145.058647,Australia
Eastbrooke Family Medical Centre,Clinic,,,"1 Santa Maria Court, 4220",-28.076355,153.423311,Australia
Eastern Chinese Medical Centre,Clinic,,,"280 Springvale Road, 3150, AU",-37.882343,145.165586,Australia
Eastside Medical Centre,Clinic,,,,-24.852457,152.380922,Australia
Eaton Medical Centre,Clinic,,,,-33.321275,115.715301,Australia
Endeavour Hills Medical Centre,Clinic,+61 3 9700 7777,,"92 Matthew Flinders Avenue, 3802",-37.976166,145.260255,Australia
Endeavour Hills Specialist Clinic,Clinic,,,,-37.978991,145.259367,Australia
Errol Street Medical Centre,Clinic,+61 3 9329 7011,,"65 Errol Street, 3051, AU",-37.803577,144.949316,Australia
Errol Street Spinal & Sport Therapy,Clinic,+61 3 9329 9988,info@errolstphysio.com.au,"52 Errol Street, 3051, AU",-37.803895,144.949701,Australia
Eucla Health Centre,Clinic,,,,-31.6764,128.888702,Australia
Eye Surgery,Clinic,,,,-33.922802,150.926691,Australia
Fairfield Medical Centre,Clinic,,,,-33.869754,150.957843,Australia
Finke Health Centre,Clinic,,,,-25.580865,134.576256,Australia
Fitzgerald Medical Practice,Clinic,,,,-31.931361,115.859015,Australia
Forest Hill Medical & Dental Centre,Clinic,,,"490-524 Springvale Road, 3131",-37.848774,145.169818,Australia
Fortus Physiotherapist,Clinic,,,,-27.385724,153.030421,Australia
Four Treasures Traditional Chinese Medicine,Clinic,,,,-12.400168,130.852129,Australia
Frontline Medical Centre,Clinic,,,"58 Ross Street, 2151",-33.808052,151.009947,Australia
GP Axis Munno Para,Clinic,+61 8 8254 7700,,14 Anderson Walk,-34.681963,138.689315,Australia
Geelong Day Surgery,Clinic,+61 3 5222 1560,,,-38.096517,144.355065,Australia
Georgetown Primary Health Centre,Clinic,+61 7 4062 1266,,"High Street, 4871",-18.292148,143.547178,Australia
Gisborne Medical Centre,Clinic,,,,-37.484706,144.589762,Australia
Glen Osmond Surgicentre,Clinic,,,46 Glen Osmond Road,-34.942727,138.619562,Australia
Gold Coast Office Park,Clinic,,,,-27.985386,153.383795,Australia
Gonnet Chiropractic,Clinic,,,,-27.242026,153.026176,Australia
Goonellabah Medical Centre,Clinic,+61 2 6625 0000,,"616 Ballina Road, 2480",-28.817468,153.324689,Australia
Grace Skin & Vein Centrw,Clinic,,,,-24.862246,152.366907,Australia
Grays Chiropractor,Clinic,,,,-21.143921,149.189029,Australia
Gregory Street Psychology,Clinic,+61 3 6224 7877,,"16A Gregory Street, 7005",-42.895717,147.32627,Australia
Griffin Medical Centre,Clinic,,,,-27.262077,153.027398,Australia
Guildford Road Medical Centre,Clinic,,,"268 Guildford Road, 2161",-33.854515,150.988202,Australia
Hahndorf Surgery,Clinic,,,,-35.030131,138.810373,Australia
Health Clinic,Clinic,,,,-13.218659,136.39201,Australia
Health Plus Medical Centre,Clinic,,,,-33.9656,151.134307,Australia
Health Watch Clinics,Clinic,,,,-32.090181,115.868898,Australia
Hearwell Now Hearing Clinic,Clinic,,,,-27.385746,153.030523,Australia
Henderson Medical Clinic,Clinic,,,,-37.982113,145.164838,Australia
Hills Doctors,Clinic,,,"16 Adelphi Street, 2155",-33.682681,150.917107,Australia
Hillview Medical Centre,Clinic,,,"3 Hillview Road, 2122",-33.789161,151.079551,Australia
Holy family Medical Centre,Clinic,,,,-33.904273,151.139522,Australia
Hopkins Street Medical Clinic,Clinic,+61 3 6228 2200,,"67 Hopkins Street, 7009",-42.845979,147.295696,Australia
Horner Chiropractic,Clinic,+61 8 9356 5111,,"564 Metcalfe Road, 6148",-32.032643,115.928828,Australia
Hospital Clinic,Clinic,,,,-19.157718,146.849637,Australia
Hunter Imaging,Clinic,,,,-32.936,151.725283,Australia
Hunter Women's Health Centre,Clinic,+61 2 4959 3883,,"2-6 Donnelly Avenue, 2283",-33.011379,151.594405,Australia
Inner Strength,Clinic,,,254 Charman Road,-37.968778,145.055205,Australia
Inspired Health Chiropractic,Clinic,,,,-37.830965,144.843445,Australia
James Muir Community Health Centre,Clinic,,,,-40.98893,145.731179,Australia
Jema Clinic,Clinic,,,,-25.53773,152.697676,Australia
Kalkaringi Health Centre,Clinic,,,,-17.443566,130.830682,Australia
Keilor Medical Clinic,Clinic,,,,-37.723599,144.806629,Australia
Kellyville Chiropractic,Clinic,,,"4 Windsor Road, 2155",-33.715603,150.960072,Australia
Kinetic Health,Clinic,,,,-32.05971,115.907154,Australia
Kingston Eye Clinic,Clinic,,,225 Charman Road,-37.969476,145.054588,Australia
Kinross Medical Center,Clinic,,,,-31.737983,115.73818,Australia
Kintore Health Centre,Clinic,,,,-23.275505,129.387393,Australia
Lajamanu Health Centre,Clinic,,laj@kwhb.com.au,,-18.337827,130.64013,Australia
Lakes Boulevard Medical Centre,Clinic,,,547-549 The Lakes Boulevard,-37.631008,145.087476,Australia
Laramba Health Centre,Clinic,,,,-22.532958,132.756603,Australia
Laverty Pathology,Clinic,,,,-32.973383,151.646473,Australia
Laverty Pathology,Clinic,,,,-32.934305,151.725433,Australia
Laverty Pathology,Clinic,,,,-32.935933,151.7253,Australia
Leading Steps Paediatric Clinic,Clinic,+61 7 5564 9668,,,-28.007879,153.393848,Australia
Long Beach Medical Centre,Clinic,+61 3 9772 9555,,3196,-38.02912,145.130177,Australia
Ltyentye Purte Health Centre,Clinic,,,,-24.130839,134.375578,Australia
Lynwood Medical and Dental,Clinic,,,,-32.032354,115.936907,Australia
Macquarie Specialist Centre,Clinic,,,"10 B Highfields Circuit, 2444",-31.454577,152.877765,Australia
Madison Day Surgery,Clinic,,,,-33.7034,151.100543,Australia
Magill Rd Medical Centre,Clinic,,,,-34.913181,138.675491,Australia
Mandalay,Clinic,,,,-37.800563,144.905254,Australia
Marie Stopes Newcastle,Clinic,,,,-32.923492,151.723416,Australia
Mater Hill Family Medical Centre,Clinic,,,,-27.487966,153.028889,Australia
Maternity Clinic King Edward,Clinic,,,,-31.949984,115.81927,Australia
Medical Clinic,Clinic,,,275-277 Springvale Road,-37.948793,145.153271,Australia
Medical One Sunshine,Clinic,,,,-37.782633,144.832807,Australia
Medical Suites,Clinic,,,,-23.387906,150.502476,Australia
Medical clinic,Clinic,,,1 East Esplanade,-37.743721,144.799504,Australia
Melbourne Dental Xray,Clinic,,,,-37.800778,144.963711,Australia
Merridown Family Surgery,Clinic,,,"166 - 174 Gooding Drive, 4226",-28.043187,153.371787,Australia
Miami Family Medical Centre,Clinic,+61 7 5535 1033,,"1922 Gold Coast Highway, 4220",-28.075148,153.444773,Australia
Miami Village Medical Practice,Clinic,+61 7 5520 7777,,,-28.073412,153.433455,Australia
Monty Osteo,Clinic,+61 3 9444 6785,hello@montyosteo.com.au,35 Were Street,-37.71646,145.120995,Australia
Moranbah Medical,Clinic,,,,-22.002022,148.04334,Australia
Mount Archer,Clinic,,,"438 Dean Street, 4701",-23.341963,150.538499,Australia
Mount Liebig Health Centre,Clinic,,,,-23.266297,131.27394,Australia
Moving Forward Podiatry Orthotics,Clinic,,,,-27.714106,153.20254,Australia
Myaree Medical Centre,Clinic,,,,-32.043307,115.815402,Australia
Nauiyu Health Centre,Clinic,,,,-13.749947,130.692089,Australia
Nephrocare Northside Dialysis Clinic,Clinic,,,,-35.252694,149.091511,Australia
Neutral Bay Medical Centre,Clinic,,,,-33.829431,151.218038,Australia
Newcastle Muscle Therapy,Clinic,,,,-32.932802,151.726322,Australia
Nicholson Road Medical Group,Clinic,+61 8 9456 1900,,,-32.064431,115.934923,Australia
Normanton Community Health Centre,Clinic,,,,-17.669126,141.079661,Australia
North Reservoir Medical Centre,Clinic,+61 3 9460 7780,,"37 Massey Avenue, 3073",-37.704659,144.98962,Australia
North Rockhampton Physiotherapy & Sports Injury Centre,Clinic,,,"61 Clifton Street, 4701",-23.356703,150.524835,Australia
North West Pathology,Clinic,,,,-41.052395,145.907708,Australia
Northbridge Medical Centre,Clinic,,,154 Newcastle Street,-31.947356,115.863725,Australia
Northcott Disability Services,Clinic,,,"1-5 Fennell Street, 2150",-33.805227,151.0014,Australia
Northside Gynaecology,Clinic,,admin@northsidegynaecology.com.au,"583 Gympie Road, 4031",-27.39424,153.030357,Australia
Olympic Medical Centre,Clinic,+61 8 9456 2911,,"83 Catalano Circuit, 6155",-32.069532,115.891147,Australia
Orrtipa-Thurra Health Centre,Clinic,,,,-22.789288,136.168453,Australia
Oxford Street Medical Center,Clinic,+61 7 3902 0099,,"200 Oxford Street, 4171, AU",-27.451424,153.061164,Australia
"PEIRS - Prevention, Early Intervention & Recovery Service",Clinic,+61 2 9840 3549,,"2A Fennell Street, 2150",-33.804793,151.001334,Australia
Palm Cove Health,Clinic,,,,-16.74988,145.669459,Australia
Panch Health Centre,Clinic,,,"300 Bell Street, 3072",-37.745398,145.007884,Australia
Papunya Health Centre,Clinic,,,,-23.204127,131.909096,Australia
Park Avenue Medical Centre,Clinic,+61 3 5995 0766,,3-7 Kingdom Drive,-38.093192,145.293377,Australia
Parkwood Green Medical,Clinic,+61 3 9449 4100,,1-5 Kate Way,-37.693056,144.744834,Australia
Peppimenarti Health Centre,Clinic,,,,-14.156165,130.08057,Australia
Phallosan Forte,Clinic,,,241 Oxford Street,-33.889157,151.2752,Australia
Physiocise,Clinic,,,"77 Penshurst Street, 2068",-33.80105,151.198972,Australia
Pitt Street Medical Centre,Clinic,,,"Pitt Street, 2160",-33.833145,150.992606,Australia
Pivit Medical Center,Clinic,,,,-31.764564,115.773642,Australia
Plaza Medical Centre,Clinic,,,,-37.726789,144.806608,Australia
Plenty Road Medical Clinic,Clinic,,,105 Plenty Road,-37.693772,145.06082,Australia
Primary Medical Centre,Clinic,+61 7 5680 0000,,,-27.974766,153.402099,Australia
PsychCentral,Clinic,,,66-72 Rickard Road,-33.915205,151.036423,Australia
Psychology Centre,Clinic,,,"81 Princes Street, 7005",-42.898075,147.320662,Australia
QML,Clinic,,,,-27.662893,153.179282,Australia
QML,Clinic,,,,-23.358442,150.522595,Australia
QML Pathology,Clinic,,,,-24.879325,152.354755,Australia
Qld Diagnostic Imaging,Clinic,,,,-27.239835,153.02216,Australia
Quakers Hill X Ray & Ultrasound,Clinic,+61 2 9837 5100,,"206 Farnham Road, 2763",-33.726344,150.904671,Australia
Queensland Sun,Clinic,,,,-24.867569,152.341356,Australia
Raymond McMahon Medical Centre,Clinic,,,,-37.978771,145.261027,Australia
Remedial Massage,Clinic,,,,-37.812946,145.176472,Australia
ResSleep,Clinic,,,"496 Logan Road, 4120",-27.504076,153.047834,Australia
Reynolds Rd Medical Centre,Clinic,,,,-32.016151,115.843107,Australia
Ridge Health & Wellbeing Centre,Clinic,,,,-37.719744,145.138119,Australia
Rightfoot Podiatry,Clinic,,,,-28.689997,153.610437,Australia
Sandy Bay Clinic,Clinic,,,,-42.894888,147.326508,Australia
Sandy Bay Podiatry,Clinic,,,"8b Magnet Court, 7005",-42.894785,147.3276,Australia
Saunders Street Clinic,Clinic,,,,-40.99092,145.725659,Australia
Skin Cancer Clinic,Clinic,,,,-27.388199,153.030914,Australia
Skin Revision,Clinic,,,,-27.389542,153.031118,Australia
Skintellect Solutions,Clinic,+61 3 5400 1315,,1-7 Chum Street,-36.762429,144.261495,Australia
Small Talk Speech Therapy,Clinic,,,,-32.893344,151.730932,Australia
Smart Clinics Annerley,Clinic,,,,-27.512898,153.031825,Australia
Somerset Medical Centre,Clinic,,,,-41.041499,145.833207,Australia
Sonic HealthPlus Medical Centre,Clinic,,,"102 Oakleigh Drive, 6210",-32.560432,115.689204,Australia
Southern Clinic,Clinic,+61 8 9367 7944,,"148 Douglas Avenue, 6151, AU",-31.98374,115.87459,Australia
Southport Day Hospital,Clinic,,,,-27.962519,153.412992,Australia
Specialist Medical Centre,Clinic,,,,-37.880439,145.166215,Australia
St John of God Pathology,Clinic,,,,-31.830137,115.839952,Australia
St John of God Pathology Collection Centre,Clinic,,,,-32.050243,115.898431,Australia
St Marys Medical Centre,Clinic,+61 2 9623 4288,,63 Phillip Street,-33.763601,150.775042,Australia
St Marys Medical Centre,Clinic,,,"302 Guildford Road, 2161",-33.85431,150.987256,Australia
Stepping Stone Therapy Centre,Clinic,,,,-24.867054,152.446862,Australia
Stevensons Chiropractic Clinic,Clinic,,,,-32.932424,151.726487,Australia
Stirling Central Health Clinic,Clinic,+61 8 8370 9777,,"14 Druid Avenue, 5152",-35.005407,138.715292,Australia
Sydney Denture Clinic,Clinic,,,"54 Windsor Road, 2152",-33.791207,150.997075,Australia
Tamborine Mountain Medical Practice,Clinic,,,,-27.928791,153.184745,Australia
Tandara Medical Group,Clinic,,,,-32.080196,115.988789,Australia
The Cardiac Center,Clinic,+61 7 5598 0322,,,-28.007895,153.393973,Australia
The Fresh Foot Centre,Clinic,,,"4 Springwood Avenue, 3805",-38.021357,145.298471,Australia
The Glen Endoscopy Centre,Clinic,,,"302 Springvale Road, 3150, AU",-37.884659,145.165172,Australia
The One Massage,Clinic,+61 3 9359 1885,,,-37.688549,144.959526,Australia
The Vale Specialist Medical Centre,Clinic,,,,-32.09009,115.940576,Australia
Thredbo Medical Centre,Clinic,,,,-36.501481,148.310257,Australia
Titjikala Health Centre,Clinic,,,,-24.672994,134.076057,Australia
Total Sleep Carr,Clinic,,,,-24.876305,152.353422,Australia
Triple Three Medical Centre,Clinic,,,"333 Merrylands Road, 2160",-33.834811,150.982103,Australia
Tristar,Clinic,+61 3 5337 6540,lucas@tristarmedicalgroup.com.au,6 Coltman Plaza,-37.543876,143.786201,Australia
Turn the Corner Medical Clinic,Clinic,,,"409 High Street, 3070",-37.768469,144.999049,Australia
V & S Zeldovich Surgery and Family Practice,Clinic,,,68 Hall Street,-33.889556,151.271111,Australia
VAEAI Naamalata,Clinic,,,,-37.774378,144.997125,Australia
VanishInk,Clinic,,,51B Woongarra Street,-24.866972,152.349708,Australia
Victoria Parade Surgery Centre,Clinic,+61 3 9650 4000,,100 Victoria Parade,-37.808497,144.97492,Australia
Wallace Rockhole Health Centre,Clinic,,,,-24.124711,133.086341,Australia
Warren Family Health Centre,Clinic,,,"21 Lawson Street, 2824",-31.700087,147.837665,Australia
Warringah Medical Centre,Clinic,,,,-33.751564,151.287806,Australia
Waverley Eye Clinic,Clinic,,,,-37.876708,145.166777,Australia
Wellington Medical Centre,Clinic,+61 8 9729 1064,,,-33.080161,115.892159,Australia
Western Creek Medical Practice,Clinic,,,,-35.342172,149.052625,Australia
Westgroup Medicals,Clinic,,,14 Victoria Square,-37.742244,144.798898,Australia
Westminster Day Surgery,Clinic,,,,-31.863578,115.82831,Australia
Westside Medical Centre,Clinic,,,"11 Highfields Circuit, 2444",-31.4539,152.879848,Australia
Wilora Health Centre,Clinic,+61 8 8956 9950,,,-21.74042,133.73176,Australia
Wollongong Campus Medical Centre,Clinic,+61 2 4216 5590,,,-34.407546,150.878953,Australia
Woodycupaldiya Health Centre,Clinic,,,,-13.859582,130.002026,Australia
Worongary Medical Centre,Clinic,,,,-28.049436,153.354542,Australia
Wynyard Medical Centre,Clinic,,,,-40.990433,145.724201,Australia
Yaraka Primary Health Centre,Clinic,,,,-24.883059,144.077968,Australia
Yarralin Health Centre,Clinic,,,,-16.44736,130.884173,Australia
Your Health Place,Clinic,,,1176 Glen Huntly Road,-37.889676,145.043297,Australia
Yuendumu Health Centre,Clinic,,,,-22.255458,131.796612,Australia
iHealth Medical Centre,Clinic,,,,-33.962925,151.133081,Australia
iehealth,Clinic,+61 3 9885 6822,,"7 Samarinda Avenue, 3147",-37.866723,145.083885,Australia
ihear,Clinic,,,,-32.922502,151.714701,Australia
Albany Regional Hospital,Hospital,,,30 Warden Avenue,-35.003467,117.90456,Australia
Albury Wodonga Health - Albury Campus,Hospital,,,,-36.078556,146.938137,Australia
Albury Wodonga Private Hospital,Hospital,,,,-36.075756,146.883262,Australia
Alderley Child Health,Hospital,,,"24 South Pine Road, Brisbane, 4051",-27.424686,153.000237,Australia
Alexandra District Health,Hospital,,,"12 Cooper Street, 3714",-37.194972,145.716601,Australia
Alfred Hospital,Hospital,+61 3 9076 2000,,55 Commercial Road,-37.846153,144.982588,Australia
Alice Springs Hospital,Hospital,,,,-23.706177,133.878259,Australia
Alpine Health [Mount Beauty],Hospital,,,"10 Hollonds Street, 3699",-36.743433,147.16983,Australia
Angliss Hospital,Hospital,,,39 Albert Street,-37.89895,145.31448,Australia
Anne Caudle Campus,Hospital,,,,-36.751105,144.280694,Australia
Anne Leach Wing,Hospital,,,,-31.968998,115.809044,Australia
Armadale Kelmscott District Memorial Hospital,Hospital,,,"3056 Albany Highway, 6112",-32.132697,116.020111,Australia
Ashford Hospital,Hospital,,,55-57 Anzac Highway,-34.948168,138.576745,Australia
Austin Hospital,Hospital,,,145 Studley Road,-37.756605,145.058914,Australia
Ayr Hospital,Hospital,,,,-19.564289,147.40924,Australia
Bacchus Marsh & Melton Regional Hospital,Hospital,+61 3 5367 2000,,"29-35 Grant Street, 3340",-37.677942,144.433557,Australia
Baillie Henderson Hospital,Hospital,+61 7 4616 6000,,1 Hogg Street,-27.525069,151.937741,Australia
Balaklava Hospital,Hospital,,,,-34.13903,138.420375,Australia
Balgo Clinic,Hospital,,,,-20.141613,127.982799,Australia
Ballan District Health and Care,Hospital,,,33 Cowries Street,-37.599532,144.222436,Australia
Ballarat Base Hospital,Hospital,,,,-37.559435,143.846515,Australia
Bamaga Hospital,Hospital,,,,-10.894262,142.38489,Australia
Baradine Multi-Purpose Service,Hospital,+61 2 6843 1909,,5-9 Macquarie Street,-30.945027,149.066401,Australia
Barcaldine Multipurpose Health Service,Hospital,,,,-23.553365,145.294085,Australia
Barham Health Service,Hospital,+61 3 5453 1000,,"Punt Road, 2732",-35.624077,144.133055,Australia
Baringa Private Hospital,Hospital,,,"31 Mackays Road, 2450, AU",-30.27888,153.103218,Australia
Barraba Multi-Purpose Service,Hospital,+61 2 6767 7700,,,-30.382576,150.605866,Australia
Barwon Health - Community Rehabilitation Centre,Hospital,+61 3 5260 3290,,"120 Settlement Road, 3216, AU",-38.181303,144.338547,Australia
Barwon Health - Newcomb,Hospital,,,,-38.172605,144.395501,Australia
Barwon Health - University Hospital Geelong,Hospital,,,66 Bellerine Street,-38.152119,144.365592,Australia
Bathurst Hospital,Hospital,+61 2 6330 5311,,"361-365 Howick Street, 2795, AU",-33.406185,149.572268,Australia
Batlow-Adelong Multi-Purpose Service,Hospital,+61 2 6941 4333,,61-81 Pioneer Street,-35.522598,148.148114,Australia
Beaudesert Hospital,Hospital,+61 7 5541 9111,,"64 Tina Street, 4285",-27.985065,153.002438,Australia
Beaufort Hospital,Hospital,+61 3 5349 1625,bashs@bashs.org.au,"28 Havelock Street, 3373",-37.43115,143.382418,Australia
Beechworth Health Service,Hospital,,,"52 Sydney Road, 3747",-36.349188,146.691171,Australia
Beenleigh Medical Centre,Hospital,,,,-27.717388,153.199521,Australia
Bellinger River District Hospital,Hospital,+61 2 6659 5800,,"Church Street, 2454",-30.457293,152.893494,Australia
Belmont Private Hospital,Hospital,+61 7 3398 0111,,"1220 Creek Road, 4152",-27.500784,153.099133,Australia
Benalla and District Memorial Hospital,Hospital,+61 3 5760 2222,,"45-63 Coster Street, 3672",-36.554996,145.994496,Australia
Berri Hospital,Hospital,,,,-34.276278,140.601532,Australia
Bethesda Hospital,Hospital,+61 8 9340 6300,info@bethesda.org.au,"25 Queenslea Drive, 6010, AU",-31.987875,115.778916,Australia
Biggenden Multipurpose Health Service,Hospital,,,57 Alice Street,-25.506335,152.050995,Australia
Billiluna Clinic,Hospital,,,,-19.55656,127.660897,Australia
Biloela Hospital,Hospital,+61 7 4992 7000,,"2 Hospital Street, 4715",-24.396061,150.517673,Australia
Bingara Multi-Purpose Service,Hospital,+61 2 6728 0100,,8A Copeton Dam Road,-29.863762,150.579102,Australia
Birdsville Health Clinic,Hospital,,,,-25.897576,139.355385,Australia
Blackall Hospital,Hospital,,,,-24.422606,145.449541,Australia
Blackall Hospital,Hospital,,,,-24.422801,145.449002,Australia
Blackwater Hospital,Hospital,,,"41 Mackenzie Street, 4717",-23.571734,148.878663,Australia
Blue Care Respite Care,Hospital,,,,-21.163131,149.182784,Australia
Blue Care Respite Centre,Hospital,,,,-20.010833,148.241104,Australia
Blue Mountains District ANZAC Memorial Hospital,Hospital,+61 2 4784 6500,,"Great Western Highway, 2780",-33.705234,150.321719,Australia
BlueCross Broughtonlea,Hospital,,,,-37.82805,145.104643,Australia
Boardwalk Health MedicalCentre,Hospital,,,,-37.884303,144.73249,Australia
Boddington Hospital,Hospital,,,,-32.803816,116.475827,Australia
Boggabri Multi-Purpose Service,Hospital,+61 2 6749 7000,,1 Wee Waa Street,-30.711479,150.040247,Australia
Bonalbo Multi-Purpose Service,Hospital,+61 2 6665 4100,,"Hospital Road, 2469",-28.73406,152.622578,Australia
Bondi Junction Private Hospital,Hospital,,,,-33.892392,151.245728,Australia
Boonah Hospital,Hospital,+61 7 5463 3300,,"11-17 Leonard Street, 4310",-27.999078,152.678831,Australia
Bordertown Memorial Hospital,Hospital,,,,-36.312074,140.766464,Australia
Boulia Health Centre,Hospital,,,,-22.908264,139.908672,Australia
Bowen Hospital,Hospital,,,,-20.00703,148.239808,Australia
Bowral and District Hospital,Hospital,,,150 Mona Road,-34.484891,150.423437,Australia
Box Hill Hospital,Hospital,,,,-37.81362,145.118406,Australia
Brewarrina Multi-Purpose Service,Hospital,+61 2 6830 5000,,56 Doyle Street,-29.961609,146.864251,Australia
Bright District Hospital & Health Services,Hospital,,,,-36.733036,146.966029,Australia
Bright Hospital,Hospital,+61 3 5755 0100,,"36-42 Cobden Street, 3741",-36.732956,146.965973,Australia
Brighton Cabrini,Hospital,+61 3 9508 5888,,"243 New Street, 3186",-37.911801,144.991178,Australia
Brisbane Private Hospital,Hospital,+61 7 3834 6111,,259 Wickham Terrace,-27.464624,153.022595,Australia
Broadmeadows Hospital,Hospital,,,35 Johnstone Street,-37.684614,144.912216,Australia
Broken Hill Base Hospital,Hospital,,,,-31.947531,141.454435,Australia
Broome Hospital,Hospital,+61 8 9194 2222,,Robinson Street,-17.96079,122.236527,Australia
Brunswick Private Hospital,Hospital,,,,-37.756814,144.971713,Australia
Buderim Private Hospital,Hospital,+61 7 5430 3303,,"12 Elsa Wilson Drive, 4556",-26.683914,153.093013,Australia
Bulli District Hospital,Hospital,,,,-34.336694,150.907375,Australia
Bunbury Regional Hospital,Hospital,,,,-33.366163,115.648646,Australia
Bundaberg Base Hospital,Hospital,,,,-24.868871,152.335363,Australia
Bundarra Community Health,Hospital,,,,-30.16462,151.075717,Australia
Bundoora Extended Care Centre,Hospital,,,1231 Plenty Road,-37.701609,145.05559,Australia
Burnside War Memorial Hospital,Hospital,,,,-34.92764,138.638588,Australia
Burra Hospital,Hospital,,,"46 Commercial Street, 5417",-33.685433,138.934632,Australia
Caboolture Hospital,Hospital,+61 7 5433 8888,,"McKean Street, 4510",-27.081503,152.964023,Australia
Cabrini Hospital,Hospital,,,"181-183 Wattletree Road, 3144",-37.861828,145.033597,Australia
Cabrini Rehabilitation - Glen Huntly,Hospital,+61 3 9508 5200,,"494 Glen Huntly Road, 3185",-37.886112,145.009214,Australia
Cabrini Rehabilitation - Hopetoun Road,Hospital,+61 3 9508 5100,,"2-6 Hopetoun Street, 3185",-37.884843,145.010384,Australia
Cairns Private Hospital,Hospital,,,,-16.91524,145.770962,Australia
Cairns South Health Facility,Hospital,,,21-55 Walker Road,-17.017891,145.724658,Australia
Caloundra Hospital,Hospital,,,,-26.800564,153.119805,Australia
Calvary Adelaide Hospital,Hospital,+61 8 8227 7000,,"120 Angas Street, 5000",-34.929425,138.605412,Australia
Calvary Healthcare Tasmania - St John's Campus,Hospital,,,,-42.89572,147.306028,Australia
Calvary Hospital,Hospital,,,"49 Augusta Road, 7008",-42.865941,147.303585,Australia
Calvary Kooyong Bethlehem Hospital,Hospital,,,476 Kooyong Road,-37.896949,145.013902,Australia
Campbell Town Health and Community Service,Hospital,,,,-41.926319,147.492853,Australia
Campbelltown Hospital,Hospital,+61 2 4634 3000,,"Therry Road, 2560, AU",-34.078008,150.80594,Australia
Campbelltown Private Hospital,Hospital,,,,-34.075552,150.804947,Australia
Canberra Hospital,Hospital,,,,-35.346766,149.102109,Australia
Cann Valley Bush Nursing Centre,Hospital,+61 3 5158 6274,cvbncadmin@gha.net.au,"27 Monaro Highway, 3890",-37.563662,149.151655,Australia
Canossa Private Hospital,Hospital,+61 7 3717 5555,,"169 Seventeen Mile Rocks Road, 4075",-27.554584,152.963669,Australia
Canterbury Hospital,Hospital,,,,-33.919449,151.098346,Australia
Capella Health Services,Hospital,,,,-23.08025,148.021897,Australia
Capricorn Coast Hospital and Health Service,Hospital,+61 7 4913 3000,,8 Hoskyn Drive,-23.143455,150.73378,Australia
Caritas Christi Hospice,Hospital,,,,-37.804395,145.015771,Australia
Carnarvon Hospital,Hospital,,,,-24.886785,113.658987,Australia
Casino and District Memorial Hospital,Hospital,+61 2 6662 2111,,"Hotham Street, 2470",-28.859835,153.035896,Australia
Casterton Memorial Hospital,Hospital,+61 3 5554 2555,,"63–69 Russell Street, 3311",-37.590175,141.392357,Australia
Castlemaine Health,Hospital,+61 3 5471 1555,,,-37.052175,144.212253,Australia
Caulfield Hospital,Hospital,,,,-37.882881,145.017383,Australia
Ceduna District Health Services,Hospital,,,,-32.119006,133.672727,Australia
Central Gippsland Health,Hospital,+61 3 5143 8600,,155 Guthridge Parade,-38.108898,147.080807,Australia
"Central Gippsland Health, Community Services",Hospital,+61 3 5143 8600,,47 Palmerston Street,-38.107363,147.080269,Australia
Cervantes Health Centre,Hospital,,,,-30.503978,115.066037,Australia
Chandler Road Medical Centre,Hospital,,,,-37.975219,145.185927,Australia
Charleville Hospital,Hospital,+61 7 4621 2200,,"72 King Street, 4470",-26.411706,146.239049,Australia
Childers Hospital,Hospital,,,44 Broadhurst Street,-25.239634,152.273151,Australia
Chinchilla Hospital,Hospital,,,,-26.740827,150.634996,Australia
Christmas Island Hospital,Hospital,+61 8 9164 8333,,"33 Phosphate Hill Road, 6798, AU",-10.425392,105.683189,Australia
City Lower West Older Adult Mental Health Service (Selby OAMH),Hospital,,,,-31.958203,115.802056,Australia
Clare Hospital,Hospital,,,,-33.829633,138.61439,Australia
Clear Orthodontic Studio,Hospital,+61 8 6594 3000,info@clearorthodonticstudio.com.au,"36 Eric Street, 6011",-31.989309,115.757306,Australia
Clermont Hospital,Hospital,,,24 Francis Street,-22.825405,147.631906,Australia
Clifton Co-Op Hospital,Hospital,+61 7 4697 3377,,"20 Norman Street, 4361, AU",-27.930356,151.911569,Australia
Cloncurry Hospital,Hospital,+61 7 4742 4500,,"Musgrave Street, 4824",-20.704594,140.527743,Australia
Cobden Hospital,Hospital,,,,-38.332447,143.075819,Australia
Cobram District Hospital,Hospital,+61 3 5871 0777,,"Broadway Street, 3644",-35.915738,145.650726,Australia
Coffs Harbour Health Campus,Hospital,,,345 Pacific Highway,-30.317867,153.094294,Australia
Colac Area Health,Hospital,,,"2-28 Connor Street, 3250",-38.341273,143.582838,Australia
Collie Hospital,Hospital,,,,-33.351393,116.162129,Australia
Collinsville Multi-Purpose Health Service,Hospital,,,,-20.546287,147.838004,Australia
Community Health Care,Hospital,,,,-21.35812,148.118837,Australia
Community Health Centre,Hospital,+61 3 5363 1200,,"23-25 Church Street, 3392",-36.463335,142.591772,Australia
Community Rehabilitation Centre,Hospital,+61 3 5143 8560,,155 Guthridge Parade,-38.109562,147.081181,Australia
Como Private Hospital,Hospital,,,,-37.990839,145.072504,Australia
Concord Hospital,Hospital,,,Hospital Road,-33.83767,151.094859,Australia
Cooktown Multipurpose Health Service,Hospital,+61 7 4043 0100,,"48 Hope Street, 4895",-15.477718,145.250384,Australia
Coolah Multi-Purpose Service,Hospital,+61 2 6377 9100,,"111-135 Martin Street, 2843",-31.821535,149.709989,Australia
Coolamon-Ganmain Multi Purpose Service,Hospital,,,,-34.820136,147.199177,Australia
Coolgardie Health Centre,Hospital,,,,-30.960037,121.164498,Australia
Cooma Hospital and Health Service,Hospital,+61 2 6455 3222,,2 Bent Street,-36.241405,149.130591,Australia
Coonabarabran Health Service,Hospital,,,101-103 Edwards Street,-31.274624,149.284342,Australia
Coonamble Multi-Purpose Service,Hospital,+61 2 6827 1100,,150 Castlereagh Highway,-30.965218,148.387643,Australia
Cootamundra Health Service,Hospital,,,120 Mackay Street,-34.634728,148.012944,Australia
Cootamundra Hospital,Hospital,,,,-34.634512,148.012816,Australia
Corowa Hospital,Hospital,,,,-35.993263,146.383419,Australia
Corryong Hospital,Hospital,,,,-36.199127,147.902783,Australia
Cowra Health Service,Hospital,+61 2 5338 5500,,"Liverpool Street, 2794",-33.831693,148.692544,Australia
Cowra Hospital,Hospital,,,,-33.832387,148.69228,Australia
Craigieburn Community Hospital,Hospital,+61 3 8338 3000,,"274-304 Craigieburn Road West, 3064",-37.595464,144.919017,Australia
Cranbourne Integrated Care Centre,Hospital,,,,-38.113413,145.281106,Australia
Creswick Hospital and Nursing Home,Hospital,,,"Cushing Avenue, 3363",-37.420088,143.89176,Australia
Creswick Hospital and Nursing Home,Hospital,,,,-37.420511,143.892028,Australia
Cronulla Medical Practice,Hospital,,admin@cronullamp.com.au,"1 Kingsway, 2230",-34.051229,151.153994,Australia
Crystal Brook Hospital,Hospital,,,,-33.354396,138.21345,Australia
Culcairn Multi-Purpose Service,Hospital,+61 2 6029 8203,,51-55 Balfour Street,-35.667617,147.04244,Australia
Cummins and District Memorial Hospital,Hospital,,,,-34.264155,135.732942,Australia
Cunderdin Health Centre,Hospital,+61 8 9635 2222,,"55 Lundy Avenue, 6407",-31.649291,117.240485,Australia
Cunnamulla Hospital,Hospital,,,,-28.071074,145.689941,Australia
Currumbin Private Clinic,Hospital,+61 7 5534 4944,,"37 Bilinga Street, 4223",-28.133446,153.486936,Australia
Dajarra Health Centre,Hospital,,,,-21.69417,139.514835,Australia
Dalby Health Services,Hospital,,,,-27.16662,151.278706,Australia
Dalby Hospital Accident and Emergency,Hospital,,,,-27.1667,151.280258,Australia
Dandenong Hospital,Hospital,,,,-37.976363,145.218002,Australia
Dartmoor & District Bush Nursing Centre,Hospital,+61 3 5528 1381,,"28 Ascot Street, 3304",-37.924247,141.27545,Australia
Davell Lodge,Hospital,,,,-37.952306,145.177317,Australia
Daylesford Hospital and Nursing Home,Hospital,+61 3 5321 6500,,"13 Hospital Street, 3460",-37.337226,144.145293,Australia
Delmar Private Hospital,Hospital,,,,-33.757981,151.288186,Australia
Delmont Private Hospital,Hospital,,,,-37.856897,145.094006,Australia
Deloraine District Hospital,Hospital,,,,-41.528116,146.659655,Australia
Deniliquin Health Service,Hospital,,,,-35.524132,144.963221,Australia
Denman Multi-Purpose Service,Hospital,+61 2 6547 3999,,51-53 Ogilvie Street,-32.389659,150.684542,Australia
Denmark Hospital,Hospital,,,,-34.955969,117.357565,Australia
Dentist Near Me - Merrylands,Hospital,,admin@dentistnearme.clinic,"Shop 1/40 Earl Street, 2160",-33.846876,150.997877,Australia
Dentist Near Me - Toongabbie,Hospital,,,"58-62 Fitzwilliam Road, 2146",-33.78625,150.966402,Australia
Derby Regional Hospital,Hospital,,,,-17.306198,123.633226,Australia
Doncaster Private Hospital,Hospital,,,,-37.787394,145.13282,Australia
Dongara Health Centre,Hospital,,,,-29.265039,114.933893,Australia
Dorrigo Multi-Purpose Service,Hospital,+61 2 6692 7700,,"14 Beech Street, 2453",-30.34076,152.713783,Australia
Dorset Rehabilitation Centre,Hospital,,,,-37.72325,144.947712,Australia
Double Bay Day Hospital,Hospital,+61 2 9096 3100,,,-33.8776,151.243801,Australia
Dover Multi-Purpose Health Centre,Hospital,,,,-43.314487,147.016391,Australia
Dr Mani Panat,Hospital,,,,-31.075023,150.922709,Australia
Dubbo Base Hospital,Hospital,,,"Myall Street, 2830",-32.239348,148.620953,Australia
Dudley Private Hospital,Hospital,,,,-33.281586,149.121518,Australia
Dumbleyung Health Service,Hospital,,,,-33.310199,117.740287,Australia
Dungog Hospital,Hospital,,,22 Hospital Road,-32.401428,151.745781,Australia
Dunolly District Hospital,Hospital,,,,-36.855308,143.73546,Australia
East Grampians Health Service,Hospital,,,,-37.278649,142.932822,Australia
East Grampians Health Service,Hospital,,,,-37.544666,142.745977,Australia
East Melbourne Specialist Day Hospital,Hospital,+61 3 9473 4600,,"21-29 Clarendon Street, 3002, AU",-37.809645,144.983242,Australia
East Wimmera Health Service (Birchip Campus),Hospital,+61 3 5477 7100,,"26 Duncan Street, 3483",-35.980213,142.915877,Australia
East Wimmera Health Service - Charlton Campus,Hospital,,,,-36.268393,143.352496,Australia
East Wimmera Health Service - Donald Campus,Hospital,,,,-36.366637,142.976351,Australia
East Wimmera Health Service St Arnaud Campus,Hospital,,,,-36.609562,143.246854,Australia
Eastern Health,Hospital,+61 3 9895 3281,,"5 Arnold Street, 3128",-37.814558,145.118466,Australia
Eastern Health Blackburn,Hospital,,,188-198 Canterbury Road,-37.833219,145.155609,Australia
Echuca Regional Health,Hospital,,,,-36.138348,144.747557,Australia
Eden Private Hospital,Hospital,+61 7 5472 6472,eden.private@healthecare.com.au,"50 Maple Street, 4563",-26.41992,152.90875,Australia
Emergency,Hospital,,,,-37.938036,145.21272,Australia
Emergency,Hospital,,,,-27.959093,153.382058,Australia
Emergency,Hospital,,,,-28.070356,153.376339,Australia
Emergency,Hospital,,,,-25.522222,152.688846,Australia
Emergency Department,Hospital,,,,-36.749236,144.280191,Australia
"Emergency Department, Sydney Children's Hospital, Randwick",Hospital,,,"79 Botany Street, 2031",-33.917997,151.236696,Australia
Emergency Ward,Hospital,,,,-36.362909,145.405138,Australia
Epworth Cliveden,Hospital,+61 3 9419 7122,,"29-37 Simpson Street, 3002, AU",-37.815693,144.987467,Australia
Epworth Eastern,Hospital,+61 3 8807 7100,,"1 Arnold Street, 3128",-37.814899,145.119239,Australia
Epworth Hawthorn,Hospital,,,46-52 Burwood Road,-37.821703,145.022848,Australia
Epworth Rehabilitation,Hospital,,,"29 Erin Street, 3121",-37.816005,144.992511,Australia
Epworth Richmond Emergency Department,Hospital,,,"62 Erin Street, 3121",-37.81682,144.994011,Australia
Epworth Richmond Hospital,Hospital,,,89 Bridge Road,-37.817182,144.993038,Australia
Esk District Hospital,Hospital,,,,-27.240049,152.418232,Australia
Esperance Hospital,Hospital,,,,-33.856099,121.891951,Australia
Essendon Private Hospital,Hospital,,,,-37.748566,144.885399,Australia
Euroa Health,Hospital,+61 3 5795 0200,,"36 Kennedy Street, 3666",-36.75982,145.569404,Australia
Evolve Therapeutic Services,Hospital,+61 7 3355 8999,,"289 Wardell Street, 4051",-27.424764,152.99062,Australia
Exmouth Hospital,Hospital,,,,-21.928133,114.119928,Australia
Fairfield Hospital,Hospital,,,,-33.8601,150.903388,Australia
Finley Health Service,Hospital,,,20-22 Dawe Avenue,-35.641766,145.568053,Australia
Fiona Stanley Hospital (Emergency Department),Hospital,,,,-32.070969,115.846814,Australia
First Aid Muja Power Station,Hospital,,,,-33.446267,116.304145,Australia
Flinders Medical Centre,Hospital,,,1 Flinders Drive,-35.021583,138.569251,Australia
Frankston Hospital,Hospital,,,2 Hastings Road,-38.150994,145.128844,Australia
Fremantle Hospital and Health Service,Hospital,+61 8 9431 3333,,"Alma Street, 6160, AU",-32.057458,115.753003,Australia
Friendly Society Private Hospital,Hospital,+61 7 4331 1000,,"33 Crofton Street, 4670",-24.871001,152.342473,Australia
GP Super Clinic,Hospital,,,,-21.060855,149.159279,Australia
Galway Medical Centre,Hospital,,,,-34.948818,138.553908,Australia
Gatton Hospital,Hospital,,,103 William Street,-27.566691,152.27638,Australia
Gawler Health Service,Hospital,,,,-34.593404,138.755194,Australia
Gayndah Hospital,Hospital,,,,-25.631327,151.604391,Australia
Geelong Clinic,Hospital,,,,-38.182388,144.39339,Australia
Gilgandra Multi-Purpose Service,Hospital,,,6 Chelmsford Avenue,-31.704218,148.664841,Australia
Gippsland Base Hospital,Hospital,,,"Guthridge Parade, 3850",-38.108902,147.080909,Australia
Gippsland Southern Health Service - Korumburra,Hospital,,,,-38.430351,145.828116,Australia
Gloucester Soldiers Memorial Hospital,Hospital,+61 2 6538 5000,,Church Street,-32.014921,151.958376,Australia
Golf Links Road Rehabilitation Centre,Hospital,,,"125 Golf Links Road, 3199",-38.173136,145.149323,Australia
Goodooga Health Service,Hospital,,,58 Hammond Street,-29.110256,147.456018,Australia
Goondiwindi Hospital,Hospital,+61 7 4578 2400,,"Bowen Street, 4390",-28.547951,150.302067,Australia
Goroke Community Health Centre,Hospital,+61 3 5363 2200,,,-36.714911,141.483369,Australia
Gosford Hospital,Hospital,,,,-33.420399,151.339064,Australia
Goulburn Base Hospital,Hospital,,,,-34.747867,149.713204,Australia
Goulburn Valley Health (Shepparton),Hospital,,,,-36.363714,145.404663,Australia
Goulburn Valley Health (Tatura),Hospital,,,"64-68 Park Street, 3616",-36.439118,145.22548,Australia
Gove District Hospital,Hospital,+61 8 8987 0211,,"Mathew Flinders Way, 0880",-12.186655,136.777771,Australia
Grafton Base Hospital,Hospital,+61 2 6640 2222,,"174 Arthur Street, 2460",-29.674809,152.941132,Australia
Greenwich Hospital,Hospital,,,,-33.827538,151.184048,Australia
Griffith Base Hospital,Hospital,,,,-34.282016,146.043943,Australia
Gumeracha District Soldiers’ Memorial Hospital,Hospital,+61 8 8209 9200,,"2 Albert Street, 5233",-34.826121,138.88196,Australia
Gundagai Multi-Purpose Service,Hospital,+61 2 6944 1022,,56 Tor Street,-35.05232,148.102208,Australia
Gympie General Hospital,Hospital,,,"12 Henry Street, 4570",-26.18439,152.658148,Australia
Halls Creek District Hospital,Hospital,,,,-18.225895,127.666141,Australia
Hamilton Base Hospital,Hospital,,,,-37.737017,142.031015,Australia
Hampstead Centre,Hospital,,,,-34.860415,138.620721,Australia
Hawker Hospital,Hospital,,,,-31.893494,138.427971,Australia
Hawkesbury District Health Service,Hospital,,,1 Day Street,-33.610578,150.820809,Australia
Hay Multi-Purpose Service,Hospital,+61 2 6990 8700,,"351 Murray Street, 2711, AU",-34.50041,144.851519,Australia
Healesville & District Hospital,Hospital,,,"377 Maroondah Highway, 3777",-37.646848,145.528989,Australia
Health Care Centre,Hospital,,,,-20.271994,148.705467,Australia
Heathcote Hospital,Hospital,,,,-36.92556,144.708717,Australia
Heidelberg Repatriation Hospital,Hospital,,,,-37.754411,145.047534,Australia
Hervey Bay Hospital,Hospital,+61 7 4325 6666,,"Nissen Street, 4655",-25.298704,152.82108,Australia
Heyfield Hospital,Hospital,,,,-37.976318,146.784229,Australia
Heywood Rural Health,Hospital,+61 3 5527 0555,,21 Barclay Street,-38.137946,141.624074,Australia
Hillcrest Private Hospital,Hospital,,,,-23.377538,150.49632,Australia
Hirondelle Private Hospital,Hospital,,,"10 Wyvern Avenue, 2067",-33.790105,151.178608,Australia
Hobart Private Hospital,Hospital,,,,-42.880736,147.329844,Australia
Holbrook Multi-Purpose Service,Hospital,+61 2 6036 2522,,"22 Bowler Street, 2644, AU",-35.72418,147.320184,Australia
Hollywood Private Hospital,Hospital,+61 8 9346 6000,,"Monash Avenue, 6009, AU",-31.968902,115.809985,Australia
Holsworthy Health Centre,Hospital,+61 2 8782 1340,,,-33.98221,150.960896,Australia
Hornsby Ku-ring-gai Hospital,Hospital,+61 2 9477 9123,,Palmerston Road,-33.702568,151.112484,Australia
Hospital,Hospital,,,,-31.230796,119.337785,Australia
Hughenden Hospital,Hospital,,,,-20.842765,144.187801,Australia
Hunters Hill Private Hospital,Hospital,,,,-33.835206,151.150132,Australia
Inglewood Hospital,Hospital,,,,-36.571983,143.873773,Australia
Insight Private Hospital,Hospital,,,,-36.081674,146.910858,Australia
Integrative Clinical Psychology,Hospital,+61 7 5370 8858,admin@icpsych.com.au,76 Wises Road,-26.672267,153.087328,Australia
Isisford Primary Health Centre,Hospital,+61 7 4658 8500,,Saint Helena Street,-24.26082,144.439756,Australia
Jamestown Hospital,Hospital,,,,-33.212083,138.616149,Australia
Jeparit Hospital,Hospital,,,,-36.141405,141.984647,Australia
Jessie McPherson Private Hospital,Hospital,,,,-37.920823,145.122443,Australia
John Fawkner Private Hospital,Hospital,+61 3 9385 2500,,"275 Moreland Road, 3058",-37.754276,144.958842,Australia
John Fawkner Private Hospital,Hospital,+61 3 9385 2500,,"275 Moreland Road, 3058",-37.7541,144.959127,Australia
John Flynn Private Hospital,Hospital,+61 7 5598 9000,,"42 Inland Drive, 4224",-28.154255,153.48826,Australia
John James Healthcare Campus,Hospital,,,,-35.319764,149.095595,Australia
Julanimawu Health Care Centre,Hospital,,,,-11.758782,130.639168,Australia
Julia Creek Hospital,Hospital,,,,-20.656011,141.750192,Australia
Jundah Primary Health Care Centre,Hospital,,,,-24.820072,143.070415,Australia
Junee Medical Centre,Hospital,,,,-34.867139,147.582691,Australia
Junee Multi-Purpose Service,Hospital,+61 2 6924 8200,,67 Broadway,-34.865009,147.579229,Australia
Kalamunda District Hospital,Hospital,,,,-31.966955,116.060181,Australia
Kalgoorlie Regional Hospital,Hospital,,,Piccadilly Street,-30.74094,121.470405,Australia
Kareena Private Hospital,Hospital,,,,-34.035123,151.11426,Australia
Kempsey District Hospital,Hospital,,,,-31.067779,152.82081,Australia
Kerang District Health,Hospital,,,,-35.723865,143.917826,Australia
Kilcoy Hospital,Hospital,,,,-26.940978,152.561344,Australia
Kilmore & District Hospital,Hospital,+61 3 5734 2000,,"1 Rutledge Street, 3764",-37.301939,144.958157,Australia
King Edward Memorial Hospital,Hospital,+61 8 6458 2222,,"374 Bagot Road, AU",-31.949531,115.818779,Australia
King Island District Hospital and Health Centre,Hospital,,,,-39.929839,143.858648,Australia
Kingaroy Hospital,Hospital,,,,-26.532575,151.838158,Australia
Kingston Centre,Hospital,,,400 Warrigal Road,-37.955949,145.078493,Australia
Kingston Hospital,Hospital,,,,-36.835531,139.848552,Australia
Knox Private Hospital,Hospital,,,"262 Mountain Highway, 3152",-37.849417,145.228067,Australia
Kojonup Hospital,Hospital,,,,-33.829296,117.153102,Australia
Kondinin Hospital & Aged Care,Hospital,,,,-32.489045,118.265551,Australia
Koo Wee Rup Hospital,Hospital,,,,-38.200679,145.484258,Australia
Kununoppin Hospital,Hospital,,,,-31.109627,117.9227,Australia
Kununurra District Hospital,Hospital,+61 8 9166 4222,,,-15.775658,128.734316,Australia
Kurri Kurri District Hospital,Hospital,,,,-32.824995,151.463019,Australia
Kwinana Dental,Hospital,,,,-32.241041,115.807281,Australia
Kyabram Hospital,Hospital,+61 3 5857 0200,,"88 Fenaughty Street, 3620",-36.315573,145.04218,Australia
Kyabram Hospital,Hospital,+61 3 5857 0200,,"88 Fenaughty Street, 3620",-36.315534,145.042367,Australia
Kyneton District Health Service,Hospital,+61 3 5422 9900,,"7-25 Caroline Chisholm Drive, 3444",-37.254767,144.469853,Australia
Kyogle Multi-Purpose Service,Hospital,+61 2 6630 0400,,"199 Summerland Way, 2474",-28.627084,153.001772,Australia
Lady Bjelke-Petersen Community Hospital,Hospital,,,,-26.542788,151.836951,Australia
Lady Davidson Private Hospital,Hospital,,,,-33.690846,151.150682,Australia
Lake Cargelligo Multi Purpose Service,Hospital,+61 2 6898 0200,,,-33.292699,146.374162,Australia
Latrobe Regional Health,Hospital,,,,-38.218679,146.472103,Australia
Launceston General Hospital,Hospital,,,"280 Charles Street, 7250",-41.44701,147.141755,Australia
Laverton Hospital,Hospital,+61 8 9088 2600,,"2 Beria Road, 6440",-28.626606,122.399623,Australia
Leeton District Hospital,Hospital,,,,-34.545252,146.409057,Australia
Leigh Creek Hospital,Hospital,,,,-30.591615,138.398486,Australia
Leongatha Memorial Hospital,Hospital,,,,-38.487662,145.95053,Australia
Leonora Hospital,Hospital,,,,-28.894427,121.337669,Australia
Lismore Base Hospital,Hospital,+61 2 6624 0200,,"60 Uralba Street, 2480",-28.808743,153.291615,Australia
Lithgow Hospital,Hospital,,,,-33.498989,150.127802,Australia
Lockhart Multi-Purpose Service,Hospital,+61 2 6920 5206,,53-55 Hebben Road,-35.222368,146.719187,Australia
Logan Cardiology & Specialist Centre,Hospital,+61 7 3200 2900,,,-27.675408,153.131673,Australia
Longreach Base Hospital,Hospital,,,,-23.439037,144.261104,Australia
Lorne Community Hospital,Hospital,+61 3 5289 4300,enquiries@lch.org.au,"Albert Street, 3232",-38.545442,143.980425,Australia
Mackay Day Surgery,Hospital,,,,-21.12938,149.165167,Australia
Maclean District Hospital,Hospital,,,,-29.454076,153.201299,Australia
Mafra District Hospital,Hospital,,,,-37.960959,146.983755,Australia
Main Reception,Hospital,,,,-25.522369,152.689346,Australia
Maldon Hospital,Hospital,,,,-36.992834,144.063668,Australia
Maleny Soldiers Memorial Hospital,Hospital,,,,-26.755005,152.844797,Australia
Mallacoota Medical Centre,Hospital,,,,-37.558366,149.753458,Australia
Malvern Private Hospital,Hospital,,,,-37.866888,145.060713,Australia
Manangatang Hospital,Hospital,,,,-35.05114,142.880892,Australia
Manilla Multi-Purpose Service,Hospital,+61 2 6785 4000,,112 Court Street,-30.745572,150.732031,Australia
Manning Base Hospital,Hospital,+61 2 6592 9111,,"30-38 York Street, 2430",-31.910154,152.454936,Australia
Mannum District Hospital,Hospital,,,,-34.915671,139.307496,Australia
Mansfield District Hospital,Hospital,,,53 Highett St8,-37.057583,146.086121,Australia
Mareeba Hospital,Hospital,,,,-16.986824,145.424816,Australia
Margaret River District Hospital,Hospital,+61 8 9757 0400,,"17 Farrelly Street, 6285, AU",-33.952162,115.07116,Australia
Marjorie Brislee Wing,Hospital,,,,-31.969592,115.810094,Australia
Maroondah Hospital,Hospital,+61 3 8804 9999,,"1-15 Davey Drive, 3135",-37.806911,145.254384,Australia
Maryborough Base Public Hospital,Hospital,,,,-25.52184,152.690645,Australia
Maryvale Private Hospital,Hospital,,,,-38.215404,146.418688,Australia
Masada Private Hospital,Hospital,,,,-37.869522,145.003296,Australia
Mater Hospital Brisbane,Hospital,+61 7 3163 8111,,"Raymond Terrace, 4101",-27.485967,153.027222,Australia
Mater Misericordiae Hospital,Hospital,,,,-19.288879,146.787697,Australia
Mater Misericordiae Hospital,Hospital,,,76 Willetts Road,-21.130745,149.166255,Australia
Mater Misericordiae Hospital Bundaberg,Hospital,+61 7 4153 9539,,"313 Bourbong Street, 4670",-24.870275,152.329885,Australia
Mater Private Hospital,Hospital,,,,-27.484353,153.028949,Australia
Mater Private Hospital Rockhampton,Hospital,+61 7 4931 3313,,Ward Street,-23.398115,150.49794,Australia
Maternal and Child Health,Hospital,,,"44 Palmerston Street, 3850",-38.108094,147.080218,Australia
May Shaw Health and Aged Care for Living,Hospital,,,"37 Wellington Street, 7190",-42.127615,148.077106,Australia
Mayo Private Hospital,Hospital,,,,-31.882995,152.430666,Australia
McKellar Centre,Hospital,,,45 - 95 Ballarat Road,-38.119756,144.336608,Australia
Medical Centre,Hospital,,,,-20.346607,148.955367,Australia
Medical Centre I,Hospital,,,"85 Monash Avenue, 6009",-31.970081,115.811409,Australia
Medicare Centre,Hospital,,,Grafton Street,-16.922396,145.774598,Australia
Melbourne Private Hospital,Hospital,+61 3 8341 3400,,"1F Royal Parade, 3052",-37.798269,144.957135,Australia
Melton Health Hub,Hospital,+61 3 9747 7600,,"195-209 Barries Road, 3337",-37.687377,144.558147,Australia
Mercy Health Albury,Hospital,,,550 Poole Street,-36.069197,146.91661,Australia
Mercy Hospital for Women,Hospital,,,"163 Studley Road, 3084",-37.755895,145.060946,Australia
Mersey Community Hospital,Hospital,+61 3 6478 5500,,"Torquay Road, 7307",-41.229164,146.422253,Australia
Mildura Base Public Hospital,Hospital,+61 3 5022 3333,,"216 Ontario Avenue, 3500",-34.186244,142.14306,Australia
Millicent and Districts Hospital and Health Service,Hospital,,,,-37.597925,140.359103,Australia
Mitcham Private Hospital,Hospital,+61 3 9210 3222,,"27 Doncaster East Road, 3132",-37.81048,145.194751,Australia
Mona Vale Hospital,Hospital,,,,-33.685644,151.306979,Australia
Monash Health Casey Hospital,Hospital,,,,-38.044915,145.347759,Australia
Monash House,Hospital,,,"271 Clayton Road, 3168",-37.920897,145.120249,Australia
Monash Medical Centre Moorabbin,Hospital,,,823-865 Centre Road,-37.920764,145.063899,Australia
"Monash Medical Centre, Clayton Campus",Hospital,,,,-37.920032,145.124061,Australia
Monash Surgical Private,Hospital,,,252 - 256 Clayton Road,-37.921904,145.12067,Australia
Moora Hospital & Aged Care,Hospital,,,,-30.639413,116.001691,Australia
Moranbah Hospital,Hospital,,,,-22.002444,148.05589,Australia
Morawa Peronjori Health Service,Hospital,,,,-29.212914,116.004541,Australia
Moriseset Comunity Health Centre,Hospital,,,,-33.111794,151.479793,Australia
Moruya Hospital,Hospital,+61 2 4474 2666,,"2-10 River Street, 2537, AU",-35.903991,150.070447,Australia
Mossman Multipurpose Health Service,Hospital,,,,-16.463815,145.368115,Australia
Mount Barker District Soldiers’ Memorial Hospital,Hospital,,,"87 Wellington Road, 5251",-35.082125,138.870119,Australia
Mount Gambier & Districts Health Service,Hospital,,,,-37.805261,140.786898,Australia
Mount Garnet Clinic,Hospital,,,,-17.678936,145.113171,Australia
Mount Hospital,Hospital,+61 8 9327 1100,,"150 Mounts Bay Road, AU",-31.958174,115.845616,Australia
Mount Isa Base Hospital,Hospital,+61 7 4744 4444,,30 Camooweal Street,-20.73055,139.493889,Australia
Mount Wilga Private Hospital,Hospital,+61 2 9847 5000,,"66 Rosamond Street, 2077",-33.692015,151.092895,Australia
Moura Multipurpose Health Service,Hospital,+61 7 4997 2900,,14 Nott Street,-24.575733,149.976471,Australia
Mt Alexander Hospital,Hospital,+61 3 5471 1555,,"142 Cornish Street, 3450",-37.051912,144.212344,Australia
Mudgee District Hospital,Hospital,,,,-32.602894,149.587655,Australia
Mulgrave Private Hospital,Hospital,,,Blanton Drive,-37.938676,145.213013,Australia
Mullewa Health Service,Hospital,+61 8 9961 6200,,"2 Elder Street, 6630, AU",-28.535985,115.509817,Australia
Mungindi Multipurpose Health Service,Hospital,+61 2 6705 6100,,"90 Barwon Street, 2406",-28.972456,148.989134,Australia
Murray Bridge Soldiers Memorial Hospital,Hospital,,,,-35.129381,139.280791,Australia
Murtoa Community Health Centre,Hospital,+61 3 5363 0400,,"28 Marma Street, 3390",-36.619801,142.470772,Australia
Murwillumbah Hospital,Hospital,+61 2 6672 0000,,"8-10 Ewing Street, 2484",-28.323565,153.400378,Australia
Muswellbrook Hospital,Hospital,,,,-32.264288,150.899966,Australia
Muttaburra Primary Health Centre,Hospital,+61 7 4658 7500,,Edkins Street,-22.593817,144.546574,Australia
Myrtleford Memorial Hospital,Hospital,,,,-36.554233,146.728774,Australia
Nambour General Hospital,Hospital,+61 7 5470 6600,,"Hospital Road, 4560",-26.620995,152.951162,Australia
Nambour General Hospital Emergency,Hospital,,,,-26.621933,152.952765,Australia
Nanango Hospital,Hospital,,,,-26.666391,152.007614,Australia
Narrandera Health Service,Hospital,,,,-34.742905,146.54742,Australia
Narrogin Health Service,Hospital,+61 8 9881 0333,,"43 Williams Road, 6312, AU",-32.936611,117.169783,Australia
Nathalia District Hospital,Hospital,,,"Lot 1 Elizabeth Street, 3638",-36.054863,145.204754,Australia
Nazareth House Aged Care,Hospital,,,,-37.553231,143.845099,Australia
Neerim District Soldiers Memorial Hospital,Hospital,+61 3 5628 1226,,,-38.021958,145.954129,Australia
Neringah Hospital,Hospital,,,"4-12 Neringah Avenue South, 2076",-33.717647,151.114327,Australia
Newcastle Eye Hospital,Hospital,+61 2 4967 6677,,182 Christo Road,-32.909972,151.717659,Australia
Newcastle Private Hospital,Hospital,,,,-32.922694,151.698077,Australia
Newman Hospital,Hospital,,,,-23.354785,119.736328,Australia
Noosa Hospital,Hospital,+61 7 5455 9200,,111 Goodchap Street,-26.403306,153.045952,Australia
Norfolk Island Hospital,Hospital,,,,-29.030866,167.947574,Australia
North Canberra Hospital,Hospital,,,Mary Potter Circuit,-35.252522,149.089927,Australia
North Eastern Rehabilitation Centre,Hospital,+61 3 9474 8900,,"134-142 Ford Street, 3079",-37.763531,145.031036,Australia
North Eastern Soldiers Memorial Hospital,Hospital,,,"28 Fosters Road, 7260",-41.155043,147.521212,Australia
North Eastern Soldiers Memorial Hospital,Hospital,,,,-41.154566,147.521005,Australia
North Gosford Private Hospital,Hospital,,,,-33.41843,151.349583,Australia
North Lakes Day Hospital,Hospital,+61 7 3833 6701,,"7 Endeavour Boulevard, 4509",-27.23912,153.021876,Australia
North Mackay Private Hospital,Hospital,,,,-21.113846,149.167386,Australia
North Midlands Health Service,Hospital,,,,-29.534369,115.759501,Australia
North West Private Hospital,Hospital,+61 7 3246 3133,,"137 Flockton Street, 4053",-27.393981,152.993009,Australia
North West Private Hospital,Hospital,+61 3 6432 6000,,"21 Brickport Road, 7320",-41.045969,145.879428,Australia
North West Regional Hospital,Hospital,+61 3 6493 6000,,"23 Brickport Road, 7320",-41.047239,145.881166,Australia
Northam Hospital,Hospital,+61 8 9690 1300,,"Robinson Street, 6401, AU",-31.649366,116.657657,Australia
Northeast Health Wangaratta,Hospital,+61 3 5722 0111,,"35-47 Green Street, 3677",-36.354223,146.313175,Australia
Northpark Private Hospital,Hospital,,,,-37.691292,145.062037,Australia
Norwest Private Hospital,Hospital,+61 2 8882 8882,,11 Norbrik Drive,-33.745215,150.953932,Australia
Numurkah District Health Service,Hospital,+61 3 5862 0555,,"2 Katamatite Road, 3636",-36.100033,145.443574,Australia
Nundah Community Health Centre,Hospital,+61 7 3146 2300,,"10 Nellie Street, 4012",-27.399138,153.064727,Australia
Oatlands Multi-Purpose Health Centre,Hospital,,,"Church Street, 7120",-42.299086,147.369562,Australia
Oberon Hospital,Hospital,,,,-33.705343,149.853305,Australia
Ochre Medical Centre Scottsdale,Hospital,,,"2 Fosters Road, 7260",-41.155132,147.520088,Australia
Olivia Newton-John Cancer and Wellness Centre,Hospital,,,,-37.756879,145.059321,Australia
Omeo District Health,Hospital,,,"12 Easton Street, 3898",-37.098266,147.597229,Australia
Onslow Hospital,Hospital,,,,-21.643293,115.115203,Australia
Oodnadatta Hospital,Hospital,,,,-27.545193,135.44582,Australia
Orange Health Service,Hospital,,,,-33.317026,149.093066,Australia
Orbost Regional Health,Hospital,,,Boundary Road,-37.702091,148.465422,Australia
Orroroo and Districts Hospital,Hospital,,,,-32.738469,138.607272,Australia
Orthodontist,Hospital,,,187 Hawthorn Road,-37.877476,145.024136,Australia
Orygen Youth Health,Hospital,,,"35-37 Poplar Road, 3052, AU",-37.78063,144.947394,Australia
Osborne Park Hospital,Hospital,,,,-31.886661,115.803633,Australia
Otway Health & Community Services Apollo Bay,Hospital,+61 3 5237 8500,,"37-43 McLachlan Street, 3233",-38.753862,143.664006,Australia
Ouyen Hospital,Hospital,,,,-35.074417,142.312556,Australia
Pannawonica Medical Center,Hospital,,,,-21.639264,116.327005,Australia
Parkwyn Private Hospital,Hospital,+61 8 8223 3294,,"137 East Terrace, 5000",-34.928404,138.614273,Australia
Peel Health Campus,Hospital,+61 8 9531 8000,,110 Lakes Road,-32.533156,115.764638,Australia
Pemberton District Hospital,Hospital,,,,-34.445066,116.031564,Australia
Peninsula Private Hospital,Hospital,+61 7 3883 9300,,"Florence Street, 4021",-27.230371,153.092997,Australia
Peninsula Private Hospital,Hospital,,,,-38.157618,145.168988,Australia
Penola hospital,Hospital,,,,-37.384938,140.835697,Australia
Peter James Centre,Hospital,+61 3 9881 1888,,321-345 Burwood Highway,-37.852615,145.164949,Australia
Peter James Centre,Hospital,,,,-37.852744,145.164574,Australia
Peter MacCallum Cancer Centre,Hospital,+61 3 8559 5000,,"14 Flemington Road, 3000",-37.800388,144.956785,Australia
Peterborough Soldiers' Memorial Hospital,Hospital,,,,-32.980805,138.830213,Australia
Pindara Private Hospital,Hospital,+61 7 5588 9888,,,-28.007524,153.393567,Australia
Plantagenet Hospital,Hospital,,,,-34.625938,117.654432,Australia
Port Augusta Hospital and Regional Health Service,Hospital,,,"Hospital Road, 5700",-32.50999,137.775925,Australia
Port Lincoln Hospital and Health Service,Hospital,,,,-34.724025,135.850194,Australia
Port Macquarie Base Hospital,Hospital,,,,-31.452392,152.878832,Australia
Port Macquarie Private Hospital,Hospital,,,,-31.441908,152.909282,Australia
Port Pirie Hospital,Hospital,,,,-33.176812,138.005575,Australia
Portland District Hospital,Hospital,,,,-38.341165,141.605558,Australia
Portland District Hospital,Hospital,,,,-33.353659,149.973425,Australia
President Private Hospital,Hospital,,,,-34.036549,151.079251,Australia
Proposed West Gippsland Hospital,Hospital,,,,-38.143805,145.894803,Australia
Proserpine Hospital,Hospital,,,,-20.400375,148.584847,Australia
Queanbeyan Hospital and Health Service,Hospital,,,107 Collett Street,-35.3481,149.232603,Australia
Queen Elizabeth Centre,Hospital,,,"102 Ascot Street South, 3350, AU",-37.563512,143.84267,Australia
Queen Elizabeth II Jubilee Hospital,Hospital,+61 7 3182 6111,,"Troughton Road, 4108",-27.559617,153.048811,Australia
Queen Elizabeth II Medical Centre,Hospital,,,,-31.967499,115.814346,Australia
Queensland Children's Hospital,Hospital,+61 7 3068 1111,,"501 Stanley Street, 4101",-27.483999,153.026529,Australia
Queensland X-Ray Hyde park,Hospital,,,"Hyde Park, 4812",-19.277085,146.798955,Australia
Queenstown Hospital,Hospital,,,,-42.081409,145.558764,Australia
Quilpie Hospital,Hospital,,,"30 Gyrica Street, 4480",-26.616388,144.274539,Australia
Quorn District and Memorial Hospital,Hospital,,,,-32.351042,138.038578,Australia
RAAF Pearce Medical,Hospital,,,,-31.666365,116.028303,Australia
Rainbow Bush Nursing Hospital,Hospital,,,"2 Swinbourne Avenue, 3424",-35.903886,141.995371,Australia
Ramsay Clinic Thirroul,Hospital,+61 2 4267 2811,,72 Phillip Street,-34.310248,150.91766,Australia
Randwick Hospitals Campus,Hospital,,,,-33.918969,151.238581,Australia
Rankin Park Centre,Hospital,,,,-32.923996,151.696612,Australia
Redcliffe Hospital,Hospital,+61 7 3883 7777,,"Anzac Avenue, 4020",-27.227712,153.10403,Australia
Redlands Satellite Hospital,Hospital,,,"22 Meissner Street, 4165",-27.620352,153.307576,Australia
Renmark Paringa District Hospital,Hospital,,,,-34.16473,140.744866,Australia
Repatriation General Hospital,Hospital,,,,-34.990356,138.589705,Australia
Reservoir Private Hospital,Hospital,,,,-37.717413,144.997248,Australia
Richmond Hospital,Hospital,,,,-20.73882,143.150781,Australia
Ringwood Private Hospital,Hospital,+61 3 8804 4000,,"36 Mount Dandenong Road, 3135",-37.811405,145.243794,Australia
RiverCity Private Hospital,Hospital,+61 7 3736 3010,,"401 Milton Road, 4066",-27.473517,152.995123,Australia
Robina Hospital,Hospital,+61 7 5668 6000,,"2 Bayberry Lane, 4226",-28.07104,153.375655,Australia
Robinvale District Health Services,Hospital,+61 3 5051 8111,,"128 Latje Road, 3549",-34.584141,142.781509,Australia
Rochester and Elmore District Health Service,Hospital,+61 3 5484 4400,,"Pascoe Street, 3561",-36.366695,144.697273,Australia
Rockhampton Base Hospital,Hospital,,,,-23.380026,150.495082,Australia
Rockingham General Hospital,Hospital,,,,-32.290976,115.770843,Australia
Roma Hospital,Hospital,+61 7 4624 2700,,"197-234 McDowall Street, 4455",-26.568461,148.775573,Australia
Rosebery Communitiy Hospital,Hospital,,,,-41.775929,145.542305,Australia
Rosebud Hospital,Hospital,,,1527 Point Nepean Road,-38.362883,144.884909,Australia
Roxby Downs Hospital,Hospital,,,,-30.562657,136.894239,Australia
Royal Adelaide Hospital,Hospital,,,,-34.920611,138.586177,Australia
Royal Brisbane and Women’s Hospital,Hospital,+61 7 3646 8111,,"Butterfield Street, 4029",-27.447703,153.026886,Australia
Royal Children's Hospital,Hospital,+61 3 9345 5522,,"48-50 Flemington Road, 3052, AU",-37.79381,144.949529,Australia
Royal Dental Hospital of Melbourne,Hospital,,,"714-736 Swanston Street, 3053, AU",-37.799433,144.964891,Australia
Royal Hobart Hospital,Hospital,+61 3 6166 8308,,"48 Liverpool Street, 7000",-42.879914,147.329941,Australia
Royal Melbourne Hospital - Royal Park Campus,Hospital,+61 3 8387 2000,,"34-56 Poplar Road, 3052, AU",-37.77795,144.947819,Australia
Royal Newcastle Centre,Hospital,,,2 Lookout Road,-32.923186,151.694595,Australia
Royal North Shore Hospital,Hospital,+61 2 9926 7111,,"1 Reserve Road, 2065",-33.821364,151.191089,Australia
Royal Perth Hospital,Hospital,+61 8 9224 2244,,"197 Wellington Street, 6000, AU",-31.953281,115.865457,Australia
Royal Prince Alfred Hospital,Hospital,,,"57-59 Missenden Street, 2050",-33.889184,151.181537,Australia
Royal Rehab Private Petersham,Hospital,,,275 Addison Road,-33.899279,151.155737,Australia
Royal Ryde Rehabilitation Centre,Hospital,,,"235 Morrison Road, 2112",-33.821936,151.108108,Australia
Royal Talbot Rehabilitation Centre,Hospital,+61 3 9496 5000,Royal.Talbot@austin.org.au,"1 Yarra Boulevard, AU",-37.789528,145.023268,Australia
Royal Women's Hospital,Hospital,+61 3 8345 2000,,18-22 Flemington Road,-37.798927,144.954959,Australia
Rupanyup Hospital & Nursing Home,Hospital,+61 3 5385 5700,,"89 Cromie Street, 3388",-36.636552,142.631921,Australia
Rural Northwest Health Beulah Campus,Hospital,+61 3 5396 8200,,,-35.938273,142.421662,Australia
Rural Northwest Health Hopetoun,Hospital,+61 3 5083 2000,,"12 Mitchell Place, 3396",-35.732022,142.366548,Australia
Rural Northwest Health Warracknabeal Campus,Hospital,+61 3 5396 1200,,"Dimboola Road, 3393",-36.252324,142.38189,Australia
Ryde Hospital,Hospital,,,Denistone Road,-33.795635,151.090075,Australia
Saint John of God Murdoch Hospital,Hospital,+61 8 9438 9000,,"Barry Marshall Parade, 6150, AU",-32.067863,115.844625,Australia
Saint Luke's Private Hospital,Hospital,,,,-33.874361,151.226115,Australia
Saint Vincent's Private Hospital Brisbane,Hospital,+61 7 3240 1111,,"441 Main Street, 4169",-27.473491,153.03492,Australia
Sale Hospital: Emergency Department,Hospital,+61 3 5143 8600,,155 Guthridge Parade,-38.107776,147.080816,Australia
Sandringham & District Memorial Hospital,Hospital,+61 3 9076 1000,,"193 Bluff Road, 3191",-37.960879,145.018102,Australia
Sarina Community Care - Respite Centre,Hospital,,,,-21.423364,149.222159,Australia
Sarina Hospital,Hospital,,,,-21.421072,149.210097,Australia
Scottsdale General Hospital,Hospital,,,"2 Fosters Road, 7260",-41.154467,147.52114,Australia
Sea Lake & District Hospital,Hospital,+61 3 5070 2155,,"33-43 McClelland Avenue, 3533",-35.500572,142.857806,Australia
Seymour Hospital,Hospital,+61 3 5793 6100,,1 Brettoneaux Street,-37.018515,145.138196,Australia
Shellharbour Hospital,Hospital,,,,-34.559049,150.840417,Australia
Shepparton Private Hospital,Hospital,,,"20 Fitzgerald Street, 3630",-36.359213,145.410925,Australia
Shoalhaven District Memorial Hospital,Hospital,+61 2 4423 9500,,"2 Scenic Drive, 2541",-34.869607,150.594959,Australia
Silver Chain,Hospital,,,,-33.347245,115.644364,Australia
Singleton Hospital,Hospital,,,,-32.567021,151.185853,Australia
Sir Charles Gairdner Hospital,Hospital,,,,-31.967636,115.815284,Australia
Sir John Monash Private Hospital,Hospital,,,"212-220 Clayton Road, 3168",-37.918631,145.121479,Australia
Skipton Hospital,Hospital,,,,-37.684207,143.367505,Australia
South Coast District Hospital,Hospital,,,,-35.561471,138.606805,Australia
South East Regional Hospital,Hospital,+61 2 6491 9999,,"4 Viginia Drive, 2550",-36.689514,149.857963,Australia
South Eastern Private Hospital,Hospital,,,313 Princes Highway,-37.966212,145.192013,Australia
South Gippsland Hospital,Hospital,,,"87 Station Road, 3960",-38.658978,146.206629,Australia
South Perth Community Centre Hospital,Hospital,,,76 South Terrace,-31.988056,115.863765,Australia
South West Health Campus,Hospital,,,,-33.366782,115.64852,Australia
St Andrew's Toowoomba Hospital,Hospital,+61 7 4646 3000,,"280 North Street, 4350",-27.540168,151.934492,Australia
St Andrews Private Hospital,Hospital,+61 7 3816 9999,,"12 Roderick Street, 4305",-27.619008,152.763239,Australia
St Andrews War Memorial Private Hospital,Hospital,+61 7 3834 4444,,"457 Wickham Terrace, 4000",-27.46116,153.021386,Australia
St Andrew’s Hospital,Hospital,+61 8 8408 2111,mail@stand.org.au,"350 South Terrace, 5000",-34.934229,138.614996,Australia
St George Hospital,Hospital,,,30 Gray Street,-33.966952,151.13398,Australia
St George Private Hospital,Hospital,,,1 South Street,-33.966941,151.136046,Australia
St George's Health Service,Hospital,+61 3 9816 0444,,"283 Cotham Road, 3101",-37.80841,145.052812,Australia
St John Ambulance Kununurra,Hospital,+61 8 9168 2844,,,-15.776235,128.733481,Australia
St John Of God Frankston Rehabilitation Hospital,Hospital,,,,-38.153188,145.155848,Australia
St John of God Bendigo Hospital,Hospital,,,"133 - 145 Lily Street, 3550",-36.761837,144.263597,Australia
St John of God Burwood Hospital,Hospital,,,13-21 Grantham Street,-33.870027,151.100289,Australia
St John of God Geelong Hospital,Hospital,,,80 Myers Street,-38.151637,144.357838,Australia
St John of God Hospital,Hospital,,,,-33.367751,115.648409,Australia
St John of God Hospital,Hospital,+61 3 5320 2111,info.ballarat@sjog.org.au,"101 Drummond Street North, 3350, AU",-37.557556,143.84618,Australia
St John of God Midland Public and Private Hospitals,Hospital,+61 8 9462 4000,,,-31.894866,116.009304,Australia
St John of God Mt Lawley Hospital,Hospital,+61 8 9370 9222,info.mtlawley@sjog.org.au,Thirlmere Road,-31.936712,115.884818,Australia
St John of God Warrnambool Hospital,Hospital,+61 3 5564 0600,,"136 Botanic Road, 3280",-38.37116,142.479254,Australia
St Margarets Rehabilitation Hospital,Hospital,,,,-34.846362,138.480547,Australia
St Vincent's Hospital,Hospital,+61 3 9288 2211,,"41 Victoria Parade, 3065",-37.806832,144.974734,Australia
St Vincent's Private Hospital,Hospital,+61 7 4690 4000,,22-36 Scott Street,-27.5666,151.972031,Australia
St Vincent's Private Hospital,Hospital,+61 2 8382 7111,,406 Victoria Street,-33.880909,151.219805,Australia
St Vincent's Private Hospital East Melbourne,Hospital,+61 3 9928 6555,,159 Grey Street,-37.812272,144.98439,Australia
St Vincent's Private Hospital Kew,Hospital,+61 3 9851 8888,,"5 Studley Avenue, 3101, AU",-37.806514,145.023702,Australia
St Vincent's Private Hospital Lismore,Hospital,+61 2 6627 9600,,20 Dalley Street,-28.819934,153.288054,Australia
St Vincents Private Hospital Fitzroy,Hospital,+61 3 9411 7111,,"59 Victoria Parade, 3065",-37.80748,144.976071,Australia
St Vincents on the Park,Hospital,,,"11 Cathedral Place, 3002, AU",-37.811188,144.977717,Australia
Stanthorpe Hospital,Hospital,+61 7 4683 3400,,"8 McGregor Terrace, 4380",-28.660894,151.92854,Australia
Stawell District Hospital,Hospital,,,,-37.059353,142.781465,Australia
Stirling District Hospital,Hospital,,,,-35.00725,138.71463,Australia
Strathfield Private Hospital,Hospital,,,3 Everton Road,-33.871918,151.097567,Australia
Streaky Bay Hospital,Hospital,,,,-32.792951,134.21755,Australia
Sunnybank Private Hospital,Hospital,+61 7 3344 9333,,"245 McCullough Street, 4109",-27.57256,153.061397,Australia
Sunshine Hospital,Hospital,+61 3 8345 1333,,"176-190 Furlong Road, 3021",-37.758798,144.817442,Australia
Surat Multipurpose Health Service,Hospital,,,,-27.156379,149.063762,Australia
Sydney Adventist Hospital,Hospital,+61 2 9487 9111,,185 Fox Valley Road,-33.733318,151.099518,Australia
Sydney Hospital,Hospital,,,8 Macquarie Street,-33.868213,151.212863,Australia
Sylvia Perry Wing,Hospital,,,,-31.969388,115.808625,Australia
Tailem Bend District Hospital,Hospital,,,,-35.254769,139.452593,Australia
Tallangatta Health Service,Hospital,,,,-36.213374,147.183549,Australia
Tamara Private Hospital,Hospital,,,,-31.077621,150.92166,Australia
Tara Place Family Practice,Hospital,,,,-23.946313,151.353302,Australia
Taroom Hospital,Hospital,,,,-25.638804,149.79854,Australia
Temora Health Service,Hospital,,,,-34.443101,147.54301,Australia
Tennant Creek Hospital,Hospital,,,,-19.647886,134.186993,Australia
Tenterfield Community Hospital,Hospital,,,"1-5 Naas Street, 2372",-29.045152,152.013892,Australia
Terang & Mortlake Health Service,Hospital,,,,-38.239387,142.902058,Australia
Terang & Mortlake Health Services,Hospital,,,,-38.239351,142.90205,Australia
Thargomindah Community Clinic,Hospital,,,,-27.997592,143.820793,Australia
The Adelaide Clinic,Hospital,,,"33 Park Terrace, 5081",-34.907014,138.613306,Australia
The Avenue Hospital,Hospital,,,40 The Avenue,-37.85489,144.998713,Australia
The Bays Hospital,Hospital,,,,-38.223825,145.0419,Australia
The Bays Hospital,Hospital,,,,-38.303679,145.189635,Australia
The Children's Hospital at Westmead,Hospital,,,,-33.801591,150.991597,Australia
The Hills Private Hospital,Hospital,,,"499 Windsor Road, 2153",-33.743938,150.982721,Australia
The Hobart Clinic,Hospital,,,"31 Chipmans Road, 7019",-42.904678,147.435469,Australia
The Mater Hospital,Hospital,,,,-33.831847,151.201788,Australia
The Melbourne Clinic,Hospital,+61 3 9429 4688,,"130 Church Street, 3121",-37.814847,144.998945,Australia
The Melbourne Eastern Private Hospital,Hospital,,,"157 Scoresby Road, 3155",-37.85557,145.268859,Australia
The Memorial Hospital,Hospital,,,Sir Edwin Smith Avenue,-34.912909,138.600084,Australia
The Mornington Centre,Hospital,,,24 Separation Street,-38.230452,145.041091,Australia
The Northern Hospital,Hospital,+61 3 8405 8000,,"185 Cooper Street, 3076",-37.653115,145.013941,Australia
The Park Centre for Mental Health,Hospital,+61 7 3271 8222,,"Ellerton Drive, 4076",-27.600971,152.910979,Australia
The Park Private Hospital,Hospital,,,14 Alvan Street,-31.934342,115.874383,Australia
The Prince Charles Hospital,Hospital,+61 7 3139 4000,,"Rode Road, 4032",-27.388823,153.023803,Australia
The Queen Elizabeth Centre,Hospital,,,53 Thomas Street,-37.97187,145.178625,Australia
The Queen Elizabeth Hospital,Hospital,,,Woodville Road,-34.883853,138.533652,Australia
The Royal Melbourne Hospital,Hospital,+61 3 9342 7000,,300 Grattan Street,-37.798648,144.955653,Australia
The San Day Surgery,Hospital,,,106 Balmoral Street,-33.702069,151.110642,Australia
The Sydney Private Hospital,Hospital,,,,-33.894186,151.129315,Australia
The Valley Private Hospital,Hospital,,,,-37.938666,145.213151,Australia
The Victorian Rehabilitation Centre,Hospital,+61 3 9566 2777,,,-37.898096,145.160452,Australia
The Wesley Hospital,Hospital,+61 7 3232 7000,,"451 Coronation Drive, 4066",-27.477957,152.997864,Australia
Theodore Hospital,Hospital,,,,-24.943108,150.07531,Australia
Think Well Hypnotherapy,Hospital,,,"69B Central Coast Highway, 2250",-33.426586,151.321069,Australia
Thomas Embling Hospital,Hospital,+61 3 9495 9100,,"201 Yarra Bend Road, 3078",-37.789178,145.012513,Australia
Thomas Walker Hospital,Hospital,,,,-33.832533,151.0977,Australia
Timboon District Healthcare Service,Hospital,,,,-38.486075,142.976497,Australia
Tom Price Hospital,Hospital,,,,-22.695712,117.789954,Australia
Toowoomba Base Hospital,Hospital,+61 7 4616 6000,,Pechey Street,-27.569392,151.944268,Australia
Toowoomba Surgicentre,Hospital,+61 7 4659 3100,,"18 Scott Street, 4350",-27.566478,151.97391,Australia
Toronto Private Hospital,Hospital,+61 2 4950 4477,,"Cnr Cary Street & Excelsior Parade, 2283",-33.015363,151.593395,Australia
Trentham Aged Care Hostel,Hospital,,,,-37.386329,144.327708,Australia
Trundle Multi Purpose Health Service,Hospital,,,,-32.921286,147.704278,Australia
Tully Hospital,Hospital,,,,-17.927123,145.923694,Australia
Tumbarumba Multi-Purpose Service,Hospital,,,15 Mitchell Street,-35.778698,148.006441,Australia
Tumby Bay Hospital,Hospital,,,,-34.372101,136.10404,Australia
Tumut District Hospital,Hospital,,,,-35.307515,148.219202,Australia
Tweed Hospital,Hospital,+61 7 5536 1133,,"Powell Street, 2485",-28.177091,153.545653,Australia
University Hospital Geelong - Building B,Hospital,,,,-38.150909,144.364022,Australia
"Upper Murray Health & Community Services, Corryong",Hospital,,,,-36.198762,147.903059,Australia
Victorian Comprehensive Cancer Centre,Hospital,,,305 Grattan Street,-37.799927,144.956215,Australia
Vivian Bullwinkle Wing,Hospital,,,,-31.969826,115.808803,Australia
Wagga Wagga Base Hospital,Hospital,,,,-35.118597,147.357446,Australia
Wagin Hospital,Hospital,,,,-33.304589,117.347451,Australia
Waikiki Private Hospital,Hospital,,,,-32.310558,115.763012,Australia
Waikiki Private Hospital,Hospital,,,,-32.310505,115.763132,Australia
Walcha Multi-Purpose Service,Hospital,+61 2 6774 2366,,Middle Street,-30.986578,151.598757,Australia
Wandoan Hospital,Hospital,,,,-26.119725,149.956649,Australia
Wangaratta Private Hospital,Hospital,,,"134-150 Templeton Street, 3677",-36.348926,146.312536,Australia
Wantirna Health,Hospital,,,"251 Mountain Highway, 3152",-37.848608,145.225281,Australia
War Memorial Hospital - Waverley,Hospital,,,,-33.897342,151.253588,Australia
Warakurna Health Clinic,Hospital,,,,-25.002953,128.2868,Australia
Waranga Memorial Hospital (Goulburn Valley Health),Hospital,,,"14 Coyle Street, 3612",-36.587623,145.008527,Australia
Warburton Hospital,Hospital,,,,-26.135159,126.579675,Australia
Warranga Hospital,Hospital,,,,-36.587912,145.008497,Australia
Warren District Hospital,Hospital,+61 8 9777 0300,,,-34.240763,116.153159,Australia
Warringal Private Hospital,Hospital,+61 3 9274 1300,,216 Burgundy Street,-37.754657,145.060967,Australia
Warrnambool Base Hospital,Hospital,+61 3 5563 1666,,"25 Ryot Street, 3280",-38.380061,142.472994,Australia
Warwick Hospital,Hospital,+61 7 4660 3900,,"56 Locke Street, 4370",-28.224359,152.017402,Australia
Waverley Private Hospital,Hospital,,,,-37.884379,145.145572,Australia
Weipa Hospital,Hospital,,,,-12.640721,141.866804,Australia
Wellington Centre,Hospital,,,"42 Argyle Street, 7000, AU",-42.880622,147.328898,Australia
Werribee Mercy Hospital,Hospital,,,,-37.887095,144.697924,Australia
Wesley Hospital Ashfield,Hospital,,,91 Milton Street,-33.892083,151.116547,Australia
West Gippsland Hospital,Hospital,,,,-38.173789,145.928149,Australia
Western Community Private Hospital,Hospital,,,,-34.910776,138.500203,Australia
Western Private Hospital,Hospital,+61 3 9318 3177,,"1-9 Marion Street, 3011",-37.793192,144.885873,Australia
Westmead Hospital,Hospital,,,166-174 Darcy Road,-33.802676,150.987735,Australia
Westmead Private Hospital,Hospital,,,,-33.802894,150.982511,Australia
White Cliffs Health Service,Hospital,+61 8 8091 6606,,"Johnston Street, 2836",-30.850777,143.089521,Australia
Whyalla Hospital,Hospital,,,,-33.033802,137.577474,Australia
Wilcannia Hospital,Hospital,,,,-31.557678,143.385444,Australia
Wimmera Base Hospital,Hospital,,,83 Baillie Street,-36.712799,142.208892,Australia
Wimmera Health Care,Hospital,,,,-36.44999,142.024449,Australia
Winchelsea Hospital,Hospital,,,,-38.243111,143.985798,Australia
Winton Hospital,Hospital,,,,-22.381159,143.04077,Australia
Wodonga Regional Health Service,Hospital,,,,-36.131851,146.879248,Australia
Wollongong Hospital,Hospital,,,"348 Crown Street, 2500",-34.424523,150.882974,Australia
Women and Babies Services,Hospital,,,,-33.888679,151.183355,Australia
Womens and Childrens Hospital,Hospital,,,,-34.911519,138.600007,Australia
Wondai Hospital,Hospital,,,,-26.323608,151.878704,Australia
Wongan Hills Health Service,Hospital,,,,-30.894122,116.724783,Australia
Wonthaggi Hospital,Hospital,,,"235 Graham Street, 3995",-38.608288,145.581085,Australia
Wonthaggi Medical Centre,Hospital,,,,-38.60488,145.587894,Australia
Woomelang & District Bush Nursing Centre,Hospital,+61 3 5081 2165,,"16 Proctor Street, 3485",-35.682025,142.665392,Australia
Wyalong Hospital,Hospital,,,Ungarie Road,-33.916525,147.19684,Australia
Wycheproof Hospital,Hospital,,,,-36.078488,143.234118,Australia
Wyong Hospital,Hospital,,,,-33.260443,151.478863,Australia
Xray Depart Sale.hosp,Hospital,,,"155 Guthridge Parade, 3850",-38.108225,147.080639,Australia
Yarra Ranges Health,Hospital,,,"25 Market Street, 3140",-37.756543,145.351376,Australia
Yarram and District Health Service,Hospital,,,"85 Commercial Road, 3971",-38.557284,146.678197,Australia
Yarrawonga Hospital,Hospital,,,,-36.011852,146.006594,Australia
Yea and District Memorial Hospital,Hospital,+61 3 5736 0400,,"45 Station Street, 3717",-37.213535,145.430849,Australia
York Health Service,Hospital,+61 8 9641 0200,,"9 Trews Road, 6302, AU",-31.894375,116.757648,Australia
